Gene Set,ES,NES,P-value,FDR
bumetanide,0.6202683201386133,0.9770964425828853,0.5909090909090909,1.0
GLYCOPROTEIN_BOSS,0.15327163608737807,0.771950642254482,0.7115384615384616,1.0
SELENIUM_BOSS,0.14796752261398216,0.3745622737118672,0.9583333333333334,1.0
caffeic acid_BOSS,-0.1715637704131036,-0.3007743144769825,1.0,1.0
maltotriose_BOSS,-0.09213576043729477,-0.33581665567496805,1.0,1.0
bilirubin_BOSS,0.11657413798958872,0.5871241606635154,0.9615384615384616,1.0
Telmisartan_BOSS,0.1903044408330845,0.2997828296376287,0.9772727272727273,1.0
33258 Hoechst_BOSS,0.19275246306816424,0.3036391507483468,0.9772727272727273,1.0
Estrone sulfate_BOSS,0.09971835827461906,0.3754586014368023,1.0,1.0
L-thyroxine_BOSS,0.10589913913325123,0.44225110421805064,0.9795918367346939,1.0
methanol_BOSS,-0.0900396344471355,-0.2695960870033134,1.0,1.0
Lopinavir_BOSS,0.2632341336468594,0.41466753532609185,0.9318181818181818,1.0
Coke_BOSS,-0.1198563808457154,-0.45714012722924713,0.9824561403508771,1.0
L-leucine_BOSS,-0.1057312710902278,-0.4188371754631289,1.0,1.0
Emtricitabine_BOSS,0.5444162436548252,0.857608163577645,0.75,1.0
ciprofloxacin_BOSS,0.18639599453288652,0.4718394029287168,0.9583333333333334,1.0
L-glutamine_BOSS,0.07966407263763983,0.3326894286286117,1.0,1.0
staurosporine_BOSS,0.24859995861315967,0.39161460822775507,0.9318181818181818,1.0
myo-inositol_BOSS,0.2744066818982396,0.6946280432204877,0.7291666666666666,1.0
Acid red 87_BOSS,-0.09007811895649004,-0.3283169587344712,1.0,1.0
citric acid_BOSS,-0.09586147744562806,-0.2870278113897862,1.0,1.0
hexadecanal_BOSS,0.1982652909262687,0.3123233996674629,0.9772727272727273,1.0
genistein_BOSS,0.1498605265139466,0.37935418907538837,0.9583333333333334,1.0
ethanol_BOSS,-0.08403845370017549,-0.2736660800142952,1.0,1.0
mycophenolic acid_BOSS,0.21404699277554312,0.3371840031098308,0.9772727272727273,1.0
histamine_BOSS,0.10540229741744228,0.3743536569657518,1.0,1.0
gentamicin_BOSS,0.20754241352837924,0.5595429086908369,0.88,1.0
warfarin_BOSS,-0.11451661689743267,-0.34288490842920744,0.98,1.0
carbamazepine_BOSS,0.2096811748954954,0.5653090975676378,0.88,1.0
doxorubicin_BOSS,0.1576479358722263,0.5599126655953146,0.925,1.0
Methoprene_BOSS,0.21340316129134693,0.5402048496758031,0.9166666666666666,1.0
11-cis-Retinal_BOSS,0.12063551600627034,0.5247838680284144,0.96,1.0
GEMCITABINE HYDROCHLORIDE_BOSS,0.17823574878954257,0.7753541309165966,0.72,1.0
Eicosapentaenoic acid_BOSS,-0.113425879992116,-0.33961903109164304,0.98,1.0
caffeine_BOSS,-0.12093175984887326,-0.3620930876704359,0.98,1.0
Electrocorundum_BOSS,-0.24202620897482321,-0.4243044257804761,0.9642857142857143,1.0
ethopropazine_BOSS,-0.09227713938080939,-0.16177420951014543,1.0,1.0
Pentadecane_BOSS,0.10986534018341254,0.1730687019971958,1.0,1.0
myricetin_BOSS,0.22334486085524635,0.47452016856018364,0.9795918367346939,1.0
FLUOXETINE HYDROCHLORIDE_BOSS,0.12324636757190127,0.38473751803635475,1.0,1.0
retinol_BOSS,0.07911718990111163,0.20027580387598962,1.0,1.0
terfenadine_BOSS,0.1937540591299838,0.30521694525619825,0.9772727272727273,1.0
Levorphanol tartrate_BOSS,0.18750154398496985,0.3983671883755932,0.9795918367346939,1.0
Everolimus_BOSS,0.19061652066011325,0.40498529121122584,0.9795918367346939,1.0
indocyanine green_BOSS,0.17653099244669307,0.2780857882387796,0.9772727272727273,1.0
2-Butanone_BOSS,-0.07552564583406143,-0.27527606741736116,1.0,1.0
bucladesine_BOSS,0.515104598438873,0.8114341073879654,0.7954545454545454,1.0
.beta.-Adenosine_BOSS,0.11644381485764045,0.18343164331325923,1.0,1.0
arsenite_BOSS,0.15659626820064865,0.2466830105822842,0.9772727272727273,1.0
SILICON_BOSS,-0.10323314074967108,-0.18098155027442003,1.0,1.0
Sodium EGTA_BOSS,0.16223222995629014,0.2555612298999173,0.9772727272727273,1.0
succinic acid_BOSS,-0.12249337222058494,-0.2579704582689048,1.0,1.0
Sunitinib_BOSS,0.18117680249158938,0.2854042411089336,0.9772727272727273,1.0
Idocyklin_BOSS,0.11565017187615002,0.18218143318851535,1.0,1.0
glutathione_BOSS,0.15496169269811363,0.5834602717433832,0.9069767441860465,1.0
haloperidol_BOSS,-0.15527137015509443,-0.32700076574607656,1.0,1.0
ALUMINUM ION_BOSS,-0.16666666666666635,-0.2921890343871901,1.0,1.0
DL-METHIONINE_BOSS,0.15670348694000608,0.42247906533291774,1.0,1.0
trimethoprim_BOSS,-0.08118465799164425,-0.30964363033067394,1.0,1.0
Oxotremorine_BOSS,0.12535919986346394,0.26633909740298084,1.0,1.0
hemin_BOSS,-0.07461924444062987,-0.2846027108164533,1.0,1.0
cytosine_BOSS,0.11730123544297416,0.24921908568468587,1.0,1.0
alpha-GalNAc_BOSS,-0.11021517148637965,-0.3589089590628422,0.9818181818181818,1.0
UNII-852497M0QB_BOSS,-0.40253164556962207,-0.7056919969756486,0.7321428571428571,1.0
"Salicylate, sodium_BOSS",0.3850848248982614,0.606616524307834,0.8863636363636364,1.0
ritonavir_BOSS,0.23743260461521018,0.5044510947431833,0.9795918367346939,1.0
water_BOSS,0.08101550648057405,0.3050388041299382,1.0,1.0
azathioprine_BOSS,0.1478220691134222,0.23286118793506747,1.0,1.0
sucrose_BOSS,0.11691433479098567,0.3649708456041384,1.0,1.0
Isoflavone_BOSS,0.13594970696023106,0.2888397683091845,1.0,1.0
daunorubicin_BOSS,0.14850381153447823,0.37591982565217724,0.9583333333333334,1.0
clarithromycin_BOSS,0.27394065944918106,0.5820163821972257,0.9387755102040817,1.0
metformin_BOSS,-0.11303016568849868,-0.4807887908834701,1.0,1.0
diphenylpyraline_BOSS,0.10457470257873401,0.28193771220831837,1.0,1.0
SODIUM BICARBONATE_BOSS,-0.10696427108666243,-0.3483226009168253,1.0,1.0
GNF-Pf-4325_BOSS,0.22976741196132688,0.3619480691819275,0.9772727272727273,1.0
rapamycin_BOSS,0.1602667940302665,0.6692987989277926,0.8163265306122449,1.0
GLYCOGEN_BOSS,-0.08483634780828672,-0.30921173782514605,1.0,1.0
gossypol_BOSS,0.1874327284025054,0.39822098227232516,0.9795918367346939,1.0
ganciclovir_BOSS,0.32056194125159576,0.6810683076127461,0.8775510204081632,1.0
hydrocortisone_BOSS,-0.09410282980566946,-0.3429862351480526,1.0,1.0
Prazosin hydrochloride_BOSS,0.15876141730330606,0.25009372723051687,0.9772727272727273,1.0
cyclosporin A_BOSS,0.13121164260672524,0.46601980649221025,0.95,1.0
Phetharbital_BOSS,0.12324074594451477,0.3847199690325941,1.0,1.0
nitrate_BOSS,-0.08636996946724274,-0.2586084000222757,1.0,1.0
Aizen uranine_BOSS,0.06900005248484745,0.28815483914491735,1.0,1.0
Omega-3 Fatty Acids_BOSS,0.10843687979010562,0.3385068202493897,1.0,1.0
oxyphenbutazone_BOSS,0.06708555197217475,0.2918329246500607,1.0,1.0
Gallic acid_BOSS,0.10549105717421993,0.16617798030730244,1.0,1.0
prednisolone_BOSS,0.18250627301638472,0.38775419816422196,0.9795918367346939,1.0
toluene_BOSS,0.0896958274322822,0.14129606664261976,1.0,1.0
thalidomide_BOSS,-0.11253793120336952,-0.3019353184013586,1.0,1.0
carisoprodol_BOSS,0.13860773023729475,0.4326910006579979,1.0,1.0
PLATINUM_BOSS,0.1276521772412289,0.4533777777218205,0.95,1.0
DL-Valine_BOSS,0.2785691954374744,0.5918502045155073,0.9387755102040817,1.0
beta-D-allopyranose_BOSS,0.1377214321538454,0.42992424873187934,1.0,1.0
INDOMETHACIN SODIUM_BOSS,0.15842601954299726,0.4945576470299823,0.9555555555555556,1.0
Colalin (VAN)_BOSS,0.3619367490046719,0.5701518172223417,0.8863636363636364,1.0
guanine_BOSS,0.23511539731781916,0.59516680585223,0.875,1.0
parathion_BOSS,-0.15414507772020752,-0.2702370084876354,1.0,1.0
probenecid_BOSS,-0.19323650309223173,-0.33876952348125944,1.0,1.0
chlorpyrifos_BOSS,-0.1205896545561278,-0.25396123793794484,1.0,1.0
Insulin_BOSS,-0.1301289341605224,-0.5154845361057812,0.9411764705882353,1.0
L-cysteine_BOSS,0.1292869246189106,0.48678988243869475,0.9767441860465116,1.0
Bisulfite_BOSS,-0.11184350197376106,-0.5212424663066457,0.9791666666666666,1.0
COPPER_BOSS,0.09766823337389491,0.3468848519316201,1.0,1.0
guanosine_BOSS,0.2828824861501655,0.7626628525090133,0.72,1.0
rotenone_BOSS,0.15786766749323045,0.39962331893678554,0.9583333333333334,1.0
kynurenine_BOSS,0.1348198607282864,0.21237906568836226,1.0,1.0
okadaic acid_BOSS,0.17847888768724846,0.3791975850506695,1.0,1.0
Naloxone hydrochloride_BOSS,-0.1911839889272678,-0.3351711906896984,1.0,1.0
(-)-Epicatechin_BOSS,0.12779539276744362,0.27151505114113644,1.0,1.0
Capsaicin_BOSS,0.13381511097414436,0.5038393660583426,0.9767441860465116,1.0
stearic acid_BOSS,-0.25364480029524555,-0.4446733756535977,0.9642857142857143,1.0
hydrogen sulfide_BOSS,0.09713330297488493,0.24588146217958384,1.0,1.0
methyprylon_BOSS,-0.11660213727155305,-0.4447282279959264,0.9824561403508771,1.0
L-histidine_BOSS,0.11688173110155592,0.29587227104551733,1.0,1.0
lamivudine_BOSS,-0.09709170896378118,-0.20447467647795448,1.0,1.0
Ademetionine_BOSS,0.12185804842011648,0.3084692294633077,1.0,1.0
Agarose_BOSS,0.12913262132006426,0.4031126044767663,1.0,1.0
trioxsalen_BOSS,0.15258473420242422,0.3241826721071132,1.0,1.0
LITHIUM CHLORIDE_BOSS,-0.12323827045508175,-0.2595392104016389,1.0,1.0
rosiglitazone_BOSS,-0.14348548386488452,-0.46725169466290833,0.9818181818181818,1.0
indinavir_BOSS,0.43908629441624764,0.6916839734215998,0.8409090909090909,1.0
CHLOROFORM_BOSS,-0.10036490635301668,-0.21136801458432236,1.0,1.0
dextroamphetamine_BOSS,0.1326121890292865,0.3356920638206575,0.9791666666666666,1.0
curcumin_BOSS,0.1295355127891656,0.5635002833245984,0.92,1.0
Vincristine sulfate_BOSS,0.1673134880019119,0.4235342957802377,0.9583333333333334,1.0
nicotinamide_BOSS,-0.17618042603415693,-0.3710351378048241,1.0,1.0
ACROLEIN_BOSS,0.14043651894587003,0.22122687652348355,1.0,1.0
Edetate sodium_BOSS,-0.11616760690189976,-0.3116736108687128,1.0,1.0
PROPIDIUM_BOSS,0.1493914240534945,0.6238815800497869,0.8775510204081632,1.0
5-Fluorouracil_BOSS,-0.0784265760577392,-0.2858493853282163,1.0,1.0
ATROPINE_BOSS,-0.20024894741822602,-0.4217233291636365,1.0,1.0
cytarabine_BOSS,0.17262403086516087,0.2719312287704353,0.9772727272727273,1.0
diazinon_BOSS,0.18053247226924202,0.284389240426707,0.9772727272727273,1.0
nitroglycerin_BOSS,0.11607316341592132,0.5049369015716342,0.96,1.0
Darunavir_BOSS,0.2279226380316993,0.3590420332205778,0.9772727272727273,1.0
efavirenz_BOSS,-0.18524603823449168,-0.39012727390502955,1.0,1.0
diazepam_BOSS,-0.12813393558044023,-0.48871126593608083,0.9824561403508771,1.0
acetone_BOSS,-0.1244740885923078,-0.33395960961749127,1.0,1.0
17-Hydroxy-17-methylandrost-4-en-3-one_BOSS,0.062127321262295705,0.2339211912004933,1.0,1.0
Imatinib mesylate_BOSS,0.10042751735551787,0.436875828604074,0.98,1.0
Cornstarch_BOSS,-0.1664591932157145,-0.4466041712957594,1.0,1.0
DL-Methamphetamine_BOSS,0.19742073908150945,0.5322544568291704,0.92,1.0
9-Anthroic acid_BOSS,-0.130424810358015,-0.2746740291964791,1.0,1.0
propofol_BOSS,0.15738038126792997,0.24791820842126477,0.9772727272727273,1.0
D-glucose_BOSS,-0.11347394849833117,-0.44950852843839756,0.9803921568627451,1.0
N-Formyl-Met-Leu-Phe_BOSS,0.11316634988298872,0.17826871742546513,1.0,1.0
L-arginine_BOSS,-0.13447903086497956,-0.36080251847839195,1.0,1.0
Erlotinib_BOSS,0.18298817936856296,0.46321292210515935,0.9583333333333334,1.0
Deoxycorticosterone acetate_BOSS,0.13136659446638965,0.2791024530883189,1.0,1.0
Clopidogrel bisulfate_BOSS,-0.13307471310966582,-0.39845143923277887,0.98,1.0
UNII-CXY7B3Q98Z_BOSS,-0.09312737603797154,-0.2788413827630994,1.0,1.0
glyburide_BOSS,0.11661936964344943,0.24777038848660884,1.0,1.0
TOPOTECAN HYDROCHLORIDE_BOSS,0.1299943830103871,0.20477758587899733,1.0,1.0
resveratrol_BOSS,0.1219359229863256,0.50922318184943,0.9795918367346939,1.0
Tetraethylammonium hydroxide_BOSS,-0.15793083209722472,-0.2768739439827218,1.0,1.0
beta-carotene_BOSS,-0.11562174868990573,-0.2027004426231719,1.0,1.0
Vancomycin HCL_BOSS,-0.0881027555165373,-0.18554398334651281,1.0,1.0
levodopa_BOSS,0.12988679374274595,0.3287930481633272,0.9791666666666666,1.0
Ethene_BOSS,0.09992424356488312,0.41729902071363767,1.0,1.0
methylprednisolone_BOSS,0.13236284992307767,0.3350608913789149,0.9791666666666666,1.0
Lysergide_BOSS,0.16992458062685298,0.2676788380886241,0.9772727272727273,1.0
tacrolimus_BOSS,0.15416187732113068,0.41562678095053684,1.0,1.0
dUTP_BOSS,0.12483791268422469,0.3897058357922592,1.0,1.0
phenylephrine_BOSS,-0.10755516360324803,-0.2885667278668135,1.0,1.0
D-Norepinephrine d-bitartrate_BOSS,0.06664460396133885,0.3075602775561219,1.0,1.0
AGN-PC-0JHFVD_BOSS,0.1470219006037196,0.39637710917248964,1.0,1.0
HYDROXYCHLOROQUINE SULFATE_BOSS,0.4715668275608717,0.7428499162215084,0.7954545454545454,1.0
nicotinamide adenine dinucleotide_BOSS,0.14723198033056872,0.2319316327219214,1.0,1.0
D-Arginine_BOSS,-0.10160410809187242,-0.33086755824962777,1.0,1.0
O-Phospho-L-tyrosine_BOSS,0.13398418386329913,0.284663803177533,1.0,1.0
cilostazol_BOSS,0.1593415450164431,0.2510075909671386,0.9772727272727273,1.0
N-NITROSODIETHYLAMINE_BOSS,0.22896342037263318,0.48645740230286544,0.9795918367346939,1.0
asparagine_BOSS,0.1675144609063995,0.35590248157575094,1.0,1.0
cyclophosphamide_BOSS,0.16446596564211366,0.6192456686248736,0.8604651162790697,1.0
zuclopenthixol_PC3_UP,0.07235192056353142,0.4463936412333792,1.0,1.0
zuclopenthixol_PC3_DOWN,-0.08935466947414968,-0.29097801124715944,1.0,1.0
methotrexate_BOSS,0.16911318070979173,0.6006333750875543,0.85,1.0
zidovudine_PC3_DOWN,0.16144488334445461,0.5039816178061182,0.9555555555555556,1.0
ellagic acid_BOSS,0.13017763084328138,0.4901435609295934,0.9767441860465116,1.0
1-Phosphatidyl-myo-inositol_BOSS,0.13474284710928308,0.5073324692123505,0.9767441860465116,1.0
Adenosine triphosphate_BOSS,0.09624228358973745,0.24362595204515483,1.0,1.0
4-aminobutyric acid_BOSS,0.12001822278538868,0.6044702498550015,0.9615384615384616,1.0
ILOPROST_BOSS,-0.19226118602091458,-0.33705966176152247,1.0,1.0
glycerol_BOSS,0.08797249006448567,0.3826944596791248,1.0,1.0
ethisterone_BOSS,0.15570093258575166,0.5862436506431291,0.9069767441860465,1.0
camptothecin_BOSS,0.17666907222501682,0.27830330258831565,0.9772727272727273,1.0
beta-Levulose_BOSS,-0.1263559428963275,-0.33900855864644003,1.0,1.0
Triphosphoric acid_BOSS,0.2370867950578485,0.37347814891244535,0.9545454545454546,1.0
liothyronine_BOSS,0.1204481832231409,0.30490032255402555,1.0,1.0
propionic acid_BOSS,-0.2460823353853498,-0.5182482258462381,0.9411764705882353,1.0
Deacetylchitin_BOSS,0.1012049676115189,0.35944614734937463,1.0,1.0
chloroquine_BOSS,0.18374090358495046,0.39037730354153827,0.9795918367346939,1.0
thapsigargin_BOSS,0.18973045330974161,0.4031027458647872,0.9795918367346939,1.0
fentanyl_BOSS,0.1986900786792055,0.3129925594306998,0.9772727272727273,1.0
Toluidine Blue O_BOSS,0.18905777623764947,0.2978189835056492,0.9772727272727273,1.0
losartan_BOSS,-0.10664855869164662,-0.28613433871835886,1.0,1.0
DMA-4 herbicide_BOSS,0.3276870928768429,0.516199009903873,0.9090909090909091,1.0
zardaverine_HL60_UP,0.1323281249578083,0.3349729892385257,0.9791666666666666,1.0
zardaverine_HL60_DOWN,-0.11378011159485757,-0.23962037290602048,1.0,1.0
yohimbic acid_PC3_UP,0.15823605706874252,0.33618951510696815,1.0,1.0
tretinoin_MCF7_UP,-0.20418784575509266,-0.6113779178160622,0.9,1.0
tretinoin_HL60_UP,0.08131878654599771,0.3537497808254704,1.0,1.0
tretinoin_HL60_DOWN,-0.10158365498945293,-0.17808978036533868,1.0,1.0
tonzonium bromide_PC3_UP,0.11302942764795867,0.352843352019892,1.0,1.0
tolnaftate_PC3_UP,0.09893943592354895,0.5266621668113449,0.9795918367346939,1.0
tolnaftate_PC3_DOWN,0.0863557336218121,0.269576225867117,1.0,1.0
tolazoline_PC3_UP,0.09745828761699335,0.6012937809925663,0.9787234042553191,1.0
trichostatin A_ssMCF7_DOWN,-0.11437275011461781,-0.3068580731228351,1.0,1.0
tolazoline_PC3_DOWN,0.08702620673494438,0.1848965323441386,1.0,1.0
tolazamide_MCF7_UP,0.30606456144635097,0.955440083546942,0.5111111111111111,1.0
tobramycin_PC3_DOWN,-0.06109885327885997,-0.3215178298805824,1.0,1.0
thiostrepton_HL60_UP,-0.08601782290766613,-0.18115312520602728,1.0,1.0
thiostrepton_HL60_DOWN,-0.08876578936235843,-0.3601723030458667,1.0,1.0
thioridazine_PC3_UP,0.11679109158159984,0.5080600043876551,0.96,1.0
thioridazine_MCF7_UP,-0.11540766974138746,-0.3455528930508512,0.98,1.0
thioridazine_HL60_UP,-0.09958307775456995,-0.17458249998247394,1.0,1.0
tolazoline_HL60_DOWN,-0.5044472681067321,-0.8843637610041741,0.5714285714285714,1.0
trifluoperazine_MCF7_UP,-0.1080739481161908,-0.22760321980733567,1.0,1.0
trihexyphenidyl_MCF7_UP,0.6987341772151884,1.100702158568195,0.3181818181818182,1.0
trimethylcolchicinic acid_PC3_DOWN,-0.2722299116480725,-0.5733148968737026,0.8627450980392157,1.0
yohimbic acid_PC3_DOWN,-0.14384382812687918,-0.5698138503324414,0.9019607843137255,1.0
wortmannin_MCF7_UP,0.17448257870725759,0.5446813207963304,0.9555555555555556,1.0
withaferin A_PC3_UP,0.30882073194813986,0.4864792038950784,0.9318181818181818,1.0
withaferin A_MCF7_UP,0.1486007786946719,0.23408787376915013,1.0,1.0
vorinostat_PC3_DOWN,0.07765902108561819,0.3378292133345921,1.0,1.0
verteporfin_MCF7_DOWN,0.1964754110010341,0.6978148523726081,0.725,1.0
verteporfin_HL60_DOWN,0.09338700032617976,0.35161983351434795,1.0,1.0
vanoxerine_PC3_UP,0.16569614848936268,0.3520392813600693,1.0,1.0
vanoxerine_MCF7_UP,-0.14741870260355827,-0.25844477018607676,1.0,1.0
valproic acid_MCF7_UP,0.12102823032153556,0.30636864314354756,1.0,1.0
valproic acid_MCF7_DOWN,-0.13521887259829848,-0.23705683089252835,1.0,1.0
valproic acid_HL60_UP,-0.07232508586223402,-0.27585263896369183,1.0,1.0
valproic acid_HL60_DOWN,-0.0782613811369316,-0.23432971765761001,1.0,1.0
valinomycin_PC3_UP,-0.07445206071968724,-0.19975226502442567,1.0,1.0
valinomycin_MCF7_UP,-0.07240930491211284,-0.1942716229104205,1.0,1.0
troglitazone_PC3_UP,-0.098396596508436,-0.1725024391247156,1.0,1.0
trimipramine_MCF7_UP,0.20758751094751632,0.3270085088758462,0.9772727272727273,1.0
HEMATOXYLIN_BOSS,-0.08168584552945478,-0.34746157068047845,1.0,1.0
Hydroxyzine dihydrochloride_BOSS,0.11744890920732967,0.3166471043830713,1.0,1.0
Midazolam maleate_BOSS,0.1614208452395813,0.25428307156984953,0.9772727272727273,1.0
naringin_BOSS,-0.10773238783880262,-0.1888693342490764,1.0,1.0
L-alanine_BOSS,0.12737433279154173,0.3434064558230084,1.0,1.0
UNII-768N7QO4KH_BOSS,0.1459606745145882,0.3935159998570677,1.0,1.0
136572-09-3_BOSS,0.18435265815528074,0.46666693868768966,0.9583333333333334,1.0
ARSENIC_BOSS,0.17284483547739565,0.43753624736060304,0.9583333333333334,1.0
PIPERONYL BUTOXIDE_BOSS,0.1137221845545109,0.4039031094123979,0.975,1.0
GONADORELIN_BOSS,-0.11094950455446366,-0.4043890384302188,1.0,1.0
L-threonine_BOSS,0.14563253053100425,0.4546202816822529,0.9777777777777777,1.0
Stannic fluoride_BOSS,-0.16198962308280299,-0.28398954929585507,1.0,1.0
Tetradioxin_BOSS,0.13677505797481845,0.21545904932142512,1.0,1.0
Uridine 5'-diphosphate_BOSS,-0.1513583441138422,-0.26535149047840606,1.0,1.0
Velcade(Bortezomib)_BOSS,0.1661135646086725,0.6254491923733222,0.8372093023255814,1.0
Dinoprostone_BOSS,-0.1340296794622471,-0.5309367020310468,0.9411764705882353,1.0
9001-31-4_BOSS,-0.11207482084291916,-0.4274607450835492,0.9824561403508771,1.0
silibinin_BOSS,0.1158020870488558,0.18242074216175458,1.0,1.0
Deferoxamine hydrochloride_BOSS,0.21995926515262768,0.346497489095927,0.9772727272727273,1.0
Lapatinib_BOSS,0.25413216045543524,0.4003293766017548,0.9318181818181818,1.0
zafirlukast_BOSS,0.20417635870082881,0.3216349880669773,0.9772727272727273,1.0
colchicine_BOSS,0.14301512242202596,0.22528889968600904,1.0,1.0
abacavir_BOSS,0.41478278484139447,0.6533991344626129,0.8409090909090909,1.0
fluconazole_BOSS,0.23033821026058734,0.48937829122266757,0.9795918367346939,1.0
MAGNESIUM_BOSS,-0.10646911626685751,-0.22422345157896562,1.0,1.0
calcitriol_BOSS,-0.12286974290643346,-0.25876309314005913,1.0,1.0
tamoxifen_BOSS,-0.06668572782793522,-0.254343756156617,1.0,1.0
CHOLINE HYDROXIDE_BOSS,0.10948823440606643,0.3417888282589551,1.0,1.0
temozolomide_BOSS,0.23249135306674798,0.5885243483477824,0.875,1.0
1-butanol_BOSS,-0.20010377915658528,-0.4214176054962847,1.0,1.0
DL-ISOLEUCINE_BOSS,0.3409295326787159,0.5370595639599572,0.9090909090909091,1.0
folic acid_BOSS,0.14396973613803665,0.6262914729491603,0.88,1.0
PENTYLENETETRAZOLE_BOSS,0.26700898587933475,0.4206139855442869,0.9318181818181818,1.0
ZINC_BOSS,-0.08511993224759494,-0.25486554672111744,1.0,1.0
CADMIUM_BOSS,0.139806134498267,0.3769231060777169,1.0,1.0
ETHYLENE GLYCOL_BOSS,0.1342211028951991,0.3618656304746226,1.0,1.0
Policapran_BOSS,-0.225303864275551,-0.3949879112782555,0.9821428571428571,1.0
dimethyl sulfoxide_BOSS,0.10191857389628718,0.31815866004964677,1.0,1.0
Decitabine_BOSS,0.11055944955457067,0.27986816345858934,1.0,1.0
MPTP_BOSS,0.1320804657429739,0.2806191493632987,1.0,1.0
N-Acetyl-L-cysteine_BOSS,0.17862126007273488,0.672543046778761,0.7674418604651163,1.0
Anticodon_BOSS,0.5359946947898198,0.844341863865295,0.75,1.0
isoproterenol_BOSS,0.11738805680991554,0.41692305981580263,0.975,1.0
methane_BOSS,0.10880573478591864,0.4733224199220094,0.98,1.0
formaldehyde_BOSS,-0.09785263069464178,-0.4162291341419377,1.0,1.0
suramin_BOSS,0.15216741914441592,0.23970633207544945,0.9772727272727273,1.0
iodine_BOSS,-0.11444542444533957,-0.3070530558006882,1.0,1.0
ammonia_BOSS,0.0960680509105456,0.2998951141367363,1.0,1.0
epinephrine_BOSS,-0.10390376835508762,-0.4115978216197039,1.0,1.0
hydrogen peroxide_BOSS,-0.08893761130306682,-0.352311832880793,1.0,1.0
Fenson_BOSS,-0.1185459693710679,-0.31805467387318914,1.0,1.0
mifepristone_BOSS,0.11828323033031565,0.18632923820313077,1.0,1.0
furosemide_BOSS,0.11238352707395013,0.4693309062865442,0.9795918367346939,1.0
2-ketoglutaric acid_BOSS,-0.1495432846857318,-0.26216944770847644,1.0,1.0
acetic acid_BOSS,-0.12914433759746297,-0.5240105882225808,0.98,1.0
lactic acid_BOSS,0.08240584231313007,0.29267795087129056,1.0,1.0
Adenylyl sulfate_BOSS,0.288123101375815,0.4538746349601472,0.9318181818181818,1.0
nadide_BOSS,0.17232809422384643,0.2714650456202244,0.9772727272727273,1.0
acetaldehyde_BOSS,0.15524408487187596,0.3929820299933386,0.9583333333333334,1.0
DICHLOROMETHANE_BOSS,0.1262738736853725,0.5273391316333369,0.9795918367346939,1.0
forskolin_BOSS,0.18406633719847235,0.6930447986900263,0.7674418604651163,1.0
5-azacytidine_BOSS,0.23118930093417367,0.3641879428172696,0.9772727272727273,1.0
sphingosine_BOSS,-0.16855280643230902,-0.29549569052824465,1.0,1.0
L-glutamic acid_BOSS,0.08855882375936475,0.3334408296415204,1.0,1.0
Healon_BOSS,0.11251973275643792,0.28483038841335917,1.0,1.0
apigenin_BOSS,0.07416299761563475,0.1575672616542,1.0,1.0
alpha-Neu5Ac_BOSS,0.20234409044813495,0.42990177404993385,0.9795918367346939,1.0
D-Sorbitol_BOSS,0.11839662172804721,0.3192021764352353,1.0,1.0
cerivastatin_BOSS,0.08928325868676534,0.3361684650476784,1.0,1.0
LAMININ_BOSS,0.18732188903671465,0.6653046082373388,0.725,1.0
oxytetracycline_BOSS,0.16094435317947606,0.2535324630320094,0.9772727272727273,1.0
penicillin g_BOSS,0.1848211475715954,0.39267239802755427,0.9795918367346939,1.0
kainic acid_BOSS,0.17851881301543512,0.5572812115723036,0.9555555555555556,1.0
Plasmasteril_BOSS,0.2401391875470529,0.3782865225561321,0.9545454545454546,1.0
paroxetine_BOSS,0.14439278722058355,0.22745910785243847,1.0,1.0
Acetylcholine bromide_BOSS,0.09423468885691416,0.40993603010091234,1.0,1.0
nitric oxide_BOSS,0.12065449947013074,0.3766464974229396,1.0,1.0
nevirapine_BOSS,0.3278351206838102,0.5164321951865887,0.9090909090909091,1.0
acetaminophen_BOSS,0.13259002300411366,0.47091535198880086,0.95,1.0
Phosphoric acid_BOSS,0.25769230769230966,0.4059376062779761,0.9318181818181818,1.0
streptozocin_BOSS,0.1481949383161553,0.5579821533660264,0.9534883720930233,1.0
Verapamil hydrochloride_BOSS,0.17126088275221468,0.36386215756277074,1.0,1.0
"3,4-Dihydroxyphenylacetic acid_BOSS",0.2345221569484571,0.36943812511655194,0.9772727272727273,1.0
Dexbrompheniramine_BOSS,0.1397609049821316,0.3537881923096326,0.9791666666666666,1.0
Etravirine_BOSS,0.26632522407170256,0.41953686906401566,0.9318181818181818,1.0
nifedipine_BOSS,0.13395827884476114,0.3390995308985507,0.9791666666666666,1.0
Chlorophenothane_CTD_00005755,0.17929254483372215,0.2824360072097717,0.9772727272727273,1.0
folic acid_CTD_00005997,0.08686918113755673,0.18456291458075993,1.0,1.0
thalidomide_CTD_00006858,0.19615191475138583,0.6123263697447292,0.8888888888888888,1.0
Nickelous acetate_CTD_00003684,-0.16213981346254017,-0.6184119229380324,0.8421052631578947,1.0
aldrin_CTD_00005348,0.29102564102564193,0.4584469483835829,0.9318181818181818,1.0
metformin_CTD_00006282,0.19848042882088462,0.53511142408227,0.9,1.0
simvastatin_CTD_00007319,0.114344987188861,0.612673715858642,0.9361702127659575,1.0
ascorbic acid_CTD_00005445,0.1216667727581387,0.4321196257501421,0.975,1.0
VANADIUM_CTD_00006979,0.1039984556008643,0.3693676810362514,1.0,1.0
estriol_CTD_00005924,0.13862219696806552,0.21836881092081573,1.0,1.0
22-Hydroxycholesterol_CTD_00000121,0.2611526227917923,0.5548468234843846,0.9387755102040817,1.0
docetaxel_CTD_00002688,0.2015122492195937,0.5432853369499158,0.9,1.0
NIMUSTINE_CTD_00007067,0.3562236312086093,0.5611520555170489,0.8863636363636364,1.0
ibuprofen_CTD_00006137,0.1355306518793044,0.5102987041391517,0.9767441860465116,1.0
IN1152_CTD_00001901,0.09480147849157229,0.14933889798694353,1.0,1.0
chitosamine_CTD_00006030,0.22221579200871502,0.5991029423997343,0.86,1.0
carbachol_CTD_00005572,0.19290054092345651,0.30387241487120104,0.9772727272727273,1.0
NICKEL_CTD_00006389,0.20886914603340473,0.8722697014007216,0.5510204081632653,1.0
quercitrin_CTD_00000657,0.4398522552830666,0.692890576457459,0.8409090909090909,1.0
domperidone_CTD_00005868,0.13989637305699443,0.2972248847354841,1.0,1.0
Tauroursodeoxycholic acid_CTD_00001524,0.3094629156010249,0.4874908231287975,0.9318181818181818,1.0
CP-55940_CTD_00002329,-0.1286520721676492,-0.22554434843145957,1.0,1.0
Tyrphostin B42_CTD_00003234,0.26534233281352826,0.41798853986417306,0.9318181818181818,1.0
4-Aminobenzohydrazide_CTD_00001642,-0.14909017574178418,-0.2613750869196509,1.0,1.0
lactacystin_CTD_00002698,0.16995553210053616,0.36108879976580716,1.0,1.0
glycerol_CTD_00006038,0.2148804359574715,0.33849690970479474,0.9772727272727273,1.0
"1,10-phenanthroline_CTD_00001181",0.19657433316601713,0.41764330440089925,0.9795918367346939,1.0
azathioprine_CTD_00005457,-0.19390033540180174,-0.33993331061042914,1.0,1.0
Decabromodiphenyl oxide_CTD_00000574,-0.09030416509018357,-0.27038814293175123,1.0,1.0
rofecoxib_CTD_00003631,0.1081018554335132,0.2914470618116488,1.0,1.0
MANEB_CTD_00006239,0.5337382734390259,1.1339843438056822,0.32653061224489793,1.0
Zearalenol_CTD_00001398,0.3315923409673894,0.5223508701436863,0.9090909090909091,1.0
citric acid_CTD_00007282,0.2577515909642551,0.4060309940462078,0.9318181818181818,1.0
TETRACHLOROETHYLENE_CTD_00006849,0.4497302770518651,0.7084512291889935,0.8409090909090909,1.0
Phenylsalioxon_CTD_00002061,0.3561470215462624,0.5610313738279858,0.8863636363636364,1.0
thimerosal_CTD_00006868,0.1364846583347795,0.3679682693189598,1.0,1.0
Glycidamide_CTD_00002776,-0.07545035790987889,-0.15889809427006235,1.0,1.0
ionomycin_CTD_00007090,0.07755281842372518,0.29200112443352766,1.0,1.0
Pterostilbene_CTD_00003490,0.10406726782759398,0.16393511305065336,1.0,1.0
gentamicin_CTD_00006022,-0.09093826559003593,-0.15942698406959094,1.0,1.0
metergoline_CTD_00006290,0.17972449023403753,0.28311644227365484,0.9772727272727273,1.0
URANIUM_CTD_00006964,0.1079777034261845,0.2733327786463565,1.0,1.0
Pentabromodiphenyl ether_CTD_00003077,-0.06692535546018326,-0.2651138736797026,1.0,1.0
pomiferin_CTD_00004186,-0.1562438429469568,-0.27391642559769114,1.0,1.0
Paricalcitol_CTD_00003033,0.2247938020825481,0.4775985999723961,0.9795918367346939,1.0
nicotinic acid_CTD_00006387,0.14728651801618228,0.39709052863284183,1.0,1.0
TRICHLOROETHYLENE_CTD_00006932,-0.12661258365611383,-0.22196885135848382,1.0,1.0
HELENALIN_CTD_00000035,-0.25818861083407935,-0.45263928533627884,0.9642857142857143,1.0
alprenolol_CTD_00005359,0.307496823379924,0.48439367685732865,0.9318181818181818,1.0
bay 11-7082_CTD_00003959,0.16665655706299426,0.35407977262770435,1.0,1.0
sertraline_CTD_00007358,0.10341148041155859,0.21970880784113747,1.0,1.0
phenol_CTD_00007305,-0.07930298153547632,-0.13902876959325625,1.0,1.0
Cyperquat_CTD_00007079,0.08400199209742984,0.26222856370042774,1.0,1.0
oxytetracycline_CTD_00006459,0.17248549044114986,0.2717129887748398,0.9772727272727273,1.0
HEXANAL_CTD_00000546,0.3638150783115403,0.5731107123071819,0.8863636363636364,1.0
3-Butylidenephthalide_CTD_00001227,0.3317353500241015,0.5225761494881792,0.9090909090909091,1.0
TBTO_CTD_00000264,0.1853592297852326,0.29199273627674593,0.9772727272727273,1.0
Ezetimibe_CTD_00003509,0.1788483424848569,0.2817362640167513,0.9772727272727273,1.0
NSC94017_CTD_00005320,0.15620261254223786,0.3318692435959968,1.0,1.0
bisindolylmaleimide i_CTD_00002749,0.17505803865400626,0.2757654732006013,0.9772727272727273,1.0
139890-68-9_CTD_00002746,0.2960301513794697,0.46633045477078894,0.9318181818181818,1.0
acetaldehyde_CTD_00005293,-0.08078377804811807,-0.3200117531173926,1.0,1.0
lamivudine_CTD_00007258,0.10956824203441204,0.27735903891617547,1.0,1.0
"14-Deoxy-11,12-didehydroandrographolide_CTD_00004394",0.08072050439502913,0.2866921950735263,1.0,1.0
ebselen_CTD_00001949,0.11767626607050075,0.18537309938419583,1.0,1.0
Zinc sulfate_CTD_00007264,0.10803276830779923,0.49856381808762784,0.96,1.0
DIALLYL DISULFIDE_CTD_00001321,0.1343145218588831,0.28536564176359264,1.0,1.0
triprolidine_CTD_00006952,0.17045280095167847,0.268510933140926,0.9772727272727273,1.0
DL-Homocysteine_CTD_00006102,-0.14737268480105178,-0.2583640948024028,1.0,1.0
"Dibenzo[def,p]chrysene_CTD_00001899",0.09197236130258157,0.2479612802391069,1.0,1.0
ABT-737_CTD_00004466,0.5777247166706898,0.9100783437158089,0.7045454545454546,1.0
tubocurarine_CTD_00006958,0.1405240098712603,0.22136469925145716,1.0,1.0
Diallyl trisulfide_CTD_00001934,0.24580293226986683,0.662694845592182,0.8,1.0
4-nonylphenol_CTD_00001904,0.16616870397527453,0.35304327629404836,1.0,1.0
"2-Octenal, (2E)-_CTD_00002401",0.5487628779266329,0.8644553307572345,0.7045454545454546,1.0
PHENCYCLIDINE_CTD_00005881,-0.07481583706915362,-0.2726889546126392,1.0,1.0
L-methionine_CTD_00006293,0.2716579790755485,0.42793745276988593,0.9318181818181818,1.0
"1-(5-deoxypentofuranosyl)-5-fluoropyrimidine-2,4(1h,3h)-dione_CTD_00001171",0.1848219615700163,0.2911463882612881,0.9772727272727273,1.0
phenylephrine_CTD_00006521,-0.19188171309213217,-0.3363943947897004,1.0,1.0
microcystin RR_CTD_00002594,0.11036051837265723,0.17384874642546436,1.0,1.0
pentoxifylline_CTD_00006487,0.38393194720935064,0.8157046981416636,0.6326530612244898,1.0
Copper(II) chloride_CTD_00001408,-0.11665874888327803,-0.444944148410042,0.9824561403508771,1.0
phenytoin_CTD_00006527,-0.13961137224359235,-0.37457241020934573,1.0,1.0
Oxazolone_CTD_00006449,-0.08425505184033902,-0.17744073773707392,1.0,1.0
hydrocortisone_CTD_00006117,-0.15967025434723084,-0.4780836355806273,0.98,1.0
VERAPAMIL_CTD_00006985,0.15832142871233207,0.42684110309661516,1.0,1.0
myricetin_CTD_00001847,0.2078906556248573,0.5262505939052547,0.9166666666666666,1.0
C2-ceramide_CTD_00002618,0.32335940891112475,0.5093816947674474,0.9090909090909091,1.0
protoporphyrin IX_CTD_00001323,-0.161879604982682,-0.2837966728012183,1.0,1.0
Napqi_CTD_00001344,0.10308787704272135,0.16239229807731465,1.0,1.0
pantothenic acid_CTD_00006468,0.21676405365924373,0.4605385361736067,0.9795918367346939,1.0
ellagic acid_CTD_00005891,0.1064087731661808,0.3779283217161357,1.0,1.0
Chromium(II) chloride_CTD_00000877,0.0913196555986794,0.2462015587350945,1.0,1.0
ANTIMONY POTASSIUM TARTRATE_CTD_00005425,0.10597863428873125,0.22516300224637797,1.0,1.0
norethindrone_CTD_00006418,0.3515381889282151,0.5537711707685299,0.8863636363636364,1.0
bicalutamide_CTD_00002279,0.14154935868666008,0.35831545122538944,0.9791666666666666,1.0
"(2E,4E,6E,8E)-3,7-DIMETHYL-9-(2,6,6-TRIMETHYL-3-OXO-1-CYCLOHEXENYL)NONA-2,4,6,8-TETRAENOIC ACID_CTD_00000070",0.16724578025078704,0.5220902462557564,0.9555555555555556,1.0
tetrahydropalmatine_CTD_00000745,0.1474934701273573,0.39764848006203607,1.0,1.0
ACROLEIN_CTD_00005313,0.13997116533308715,0.43694722861094587,1.0,1.0
Puerarin_CTD_00001616,0.1746486672553668,0.44210243404951055,0.9583333333333334,1.0
chenodeoxycholic acid_CTD_00005623,0.19068593601738185,0.300383791471946,0.9772727272727273,1.0
"Octa-2,4,6-trienoic acid_CTD_00002551",0.0957867574585302,0.20350926419799686,1.0,1.0
clotrimazole_CTD_00005691,-0.11871291070897606,-0.20811966449609104,1.0,1.0
palmitic acid_CTD_00007272,0.13555618099061803,0.21353897646498415,1.0,1.0
FCCP_CTD_00005590,0.09707480686472246,0.20624586363887823,1.0,1.0
apigenin_CTD_00007429,0.13818480097731867,0.21767978964940327,1.0,1.0
Mycotoxin HT 2_CTD_00000649,0.6337135614702163,0.9982764658860934,0.5681818181818182,1.0
ALDOSTERONE_CTD_00005347,-0.18922561552933206,-0.39850824472700824,1.0,1.0
BPDE_CTD_00002780,0.9025316455696201,1.4217402881505878,0.11363636363636363,1.0
8-Anilino-1-naphthalenesulfonic acid_CTD_00001273,-0.1427833412486696,-0.250318359636153,1.0,1.0
Benzo[b]fluoranthene_CTD_00000306,0.15596021024165393,0.33135423384787904,1.0,1.0
OZONE_CTD_00006460,0.40052850703282333,0.6309446519650536,0.8409090909090909,1.0
Ici 118551_CTD_00001255,0.3090676883780349,0.48686822948495456,0.9318181818181818,1.0
Diacetylmorphine_CTD_00005784,0.16387639814031682,0.25815125558954377,0.9772727272727273,1.0
Norcantharidin_CTD_00002732,0.3009272837277643,0.4740448107051802,0.9318181818181818,1.0
Vanadic sulfate_CTD_00001628,-0.07596413165362123,-0.2768742616558044,1.0,1.0
Tanshinone I_CTD_00001048,0.1748689711611701,0.6210760149255498,0.8,1.0
adenine_CTD_00005317,-0.1666065741200627,-0.35087265128898243,1.0,1.0
okadaic acid_CTD_00007275,0.24652926002313266,0.6240596486275359,0.8541666666666666,1.0
"benzo[g][1]benzofuran-8,9-dione_CTD_00002819",0.9024081115335867,1.421545687421795,0.11363636363636363,1.0
histamine_CTD_00006100,0.12573298616627387,0.3924999818326515,1.0,1.0
Xanthohumol_CTD_00003425,-0.20410298005526764,-0.35781991594738016,0.9821428571428571,1.0
506-26-3_CTD_00007216,0.21254210134816748,0.45156854458914214,0.9795918367346939,1.0
prednisone_CTD_00006606,-0.16446485635921212,-0.2883289654213573,1.0,1.0
hydroquinone_CTD_00001535,0.0945129232055858,0.2950404804041295,1.0,1.0
MANGANESE_CTD_00006240,0.10852082425599471,0.5008161628232496,0.96,1.0
DL-Mevalonic acid_CTD_00006329,0.1856792966678212,0.2924969313197816,0.9772727272727273,1.0
NSC25485_CTD_00006443,0.08861732315642921,0.13959712014312597,1.0,1.0
Chlorpyrifos oxon_CTD_00000500,0.13820333067357754,0.4314285887305326,1.0,1.0
Mustard gas_CTD_00006356,0.09879958599403663,0.4126022775989632,1.0,1.0
cyclophosphamide_CTD_00005734,0.09121237582620878,0.2847371795286527,1.0,1.0
"3,3'-Diindolylmethane_CTD_00000841",0.0891535493948329,0.18941630053441644,1.0,1.0
S-Allylcysteine_CTD_00002633,0.5886075949367071,0.9272219270547287,0.6590909090909091,1.0
Leptomycin B_CTD_00001805,-0.22170363031053048,-0.3886762179634116,0.9821428571428571,1.0
chlordecone_CTD_00006186,0.17031273148335968,0.2682902844720109,0.9772727272727273,1.0
3-methyladenine_CTD_00001217,0.6291021015364786,0.9910121240680854,0.5909090909090909,1.0
POLY I-C_CTD_00006579,-0.2545490323391244,-0.4462586157801752,0.9642857142857143,1.0
DEOXYNIVALENOL_CTD_00000341,0.18615098924125503,0.661145964345216,0.725,1.0
MeIQx_CTD_00001739,0.12930969829696598,0.3273321993331145,0.9791666666666666,1.0
Coxistac_CTD_00000539,0.10374560522715202,0.220418691933426,1.0,1.0
gedunin_CTD_00003449,-0.08726315734322651,-0.15298402609016906,1.0,1.0
Aflodac_CTD_00006817,-0.05370886217298899,-0.278001629930881,1.0,1.0
"4-Diphenylacetoxy-1,1-dimethylpiperidinium_CTD_00001927",0.5128615320588926,0.807900649190606,0.7954545454545454,1.0
isoproterenol_CTD_00006175,0.13247627377960305,0.35716149919894213,1.0,1.0
PD 98059_CTD_00003206,0.10954973611510234,0.5831416043302757,0.9387755102040817,1.0
RUTHENIUM_CTD_00006710,0.658629441624367,1.0375259601323927,0.45454545454545453,1.0
Zebularine_CTD_00000459,0.31818134075487603,0.5012247861995688,0.9090909090909091,1.0
FERROUS SULFATE_CTD_00001009,0.1369119983647902,0.29088425985354727,1.0,1.0
IRON_CTD_00006166,0.07786961629682917,0.19711771892878113,1.0,1.0
AC1L1FUW_CTD_00002630,0.20027447881243313,0.5069711435673896,0.9583333333333334,1.0
mitomycin C_CTD_00007136,0.1053285870426643,0.5643627971463535,1.0,1.0
CROTONALDEHYDE_CTD_00000669,0.10119030316035237,0.21498967797350405,1.0,1.0
Bromoacetate_CTD_00000832,-0.17254571835909094,-0.4629341045677886,1.0,1.0
cinnarizine_CTD_00005673,0.2653061224489802,0.41793149839157845,0.9318181818181818,1.0
"3,3',4,4'-Tetrachlorobiphenyl_CTD_00001342",0.19220963557856635,0.3027840453176781,0.9772727272727273,1.0
furosemide_CTD_00006012,0.28095366566731084,0.4425807643904869,0.9318181818181818,1.0
TITANIUM DIOXIDE_CTD_00000489,0.13532330536155399,0.4224380293147884,1.0,1.0
daidzein_CTD_00000166,0.07918232831411538,0.28122910883104346,1.0,1.0
hexachlorophene_CTD_00006092,-0.18911308007798064,-0.39827124560264465,1.0,1.0
Glycitein_CTD_00003084,0.14402738724062314,0.22688350047584477,1.0,1.0
thioguanosine_PC3_UP,-0.18486296713547462,-0.5535154921226096,0.9,1.0
N-Acetyl-L-cysteine_CTD_00005305,-0.08274378016054834,-0.32777598162053345,1.0,1.0
EMBELIN_CTD_00000580,-0.1716857021033147,-0.3009880770939264,1.0,1.0
172889-27-9_BOSS,0.12895077056312,0.2031336037884207,1.0,1.0
NICKEL_BOSS,0.10887821828364797,0.23132348017613003,1.0,1.0
taurine_BOSS,0.20156189165087923,0.4282399086114364,0.9795918367346939,1.0
(-)-Epigallocatechin gallate_BOSS,0.1078365832593515,0.49765843754117056,0.96,1.0
Propranolol hydrochloride_BOSS,-0.13515980652563309,-0.23695328014010547,1.0,1.0
IRON_BOSS,0.07749388126511556,0.357628948393578,1.0,1.0
Rifampicin_BOSS,0.12573764440288487,0.33899387640832235,1.0,1.0
cimetidine_BOSS,-0.1511500686583128,-0.26498635565297995,1.0,1.0
oleic acid_BOSS,0.09424360133972821,0.40997480083244925,1.0,1.0
PHOSPHINE_BOSS,-0.09576799416960324,-0.38858415236237454,1.0,1.0
docetaxel_BOSS,0.09011177574903599,0.22810729690207965,1.0,1.0
Erythorbic acid_BOSS,0.07680660991184016,0.3544572382234287,1.0,1.0
morphine_BOSS,0.1545804704742511,0.6455518365617945,0.8571428571428571,1.0
COBALT_BOSS,0.1761616908133274,0.27750403466458284,0.9772727272727273,1.0
HEXACHLOROETHANE_BOSS,-0.06398549673350486,-0.2534681031082712,1.0,1.0
Docosahexaenoic acid_BOSS,-0.0807523988377666,-0.3079949654602237,1.0,1.0
SULFALENE_BOSS,-0.2422990459472726,-0.5102806363153763,0.9411764705882353,1.0
MANGANESE_BOSS,-0.07120548676112735,-0.25952994056096046,1.0,1.0
dinoprost_BOSS,-0.15299247856983322,-0.3222014309254438,1.0,1.0
CHEMBL521784_BOSS,-0.12394552807492819,-0.3325415003062316,1.0,1.0
alprazolam_BOSS,0.1452394713415119,0.6702702013776425,0.84,1.0
serine_BOSS,-0.1079066086926285,-0.35139126564493717,0.9818181818181818,1.0
Vinzam_BOSS,0.2182844960194847,0.34385925833512343,0.9772727272727273,1.0
dexamethasone_BOSS,0.09982553083687477,0.35454684995459496,1.0,1.0
carbachol_BOSS,0.11318497734859144,0.2865143763764583,1.0,1.0
NADP(+)_BOSS,-0.10589029618738546,-0.18563990036379466,1.0,1.0
Streptomycine_BOSS,-0.1430365532948013,-0.2507622743356796,1.0,1.0
ifosfamide_BOSS,0.18969125825088884,0.2988168952181773,0.9772727272727273,1.0
Methysergide maleate_BOSS,0.16627266636505889,0.35326415556807994,1.0,1.0
tetracycline_BOSS,0.10514402949796768,0.2661596684208114,1.0,1.0
Dasatinib_BOSS,-0.09981251283217599,-0.2988579758097711,1.0,1.0
Tenofovir_BOSS,0.16109026282298222,0.4077809376671745,0.9583333333333334,1.0
cycloheximide_BOSS,0.12951969143813352,0.32786377212037277,0.9791666666666666,1.0
phenol_BOSS,-0.12879444413331795,-0.2257939455944949,1.0,1.0
"(3s)-3-Cyclopentyl-6-Methyl-7-[(4-Methylpiperazin-1-Yl)sulfonyl]-3,4-Dihydro-2h-1,2,4-Benzothiadiazine 1,1-Dioxide_BOSS",0.301032119363987,0.6395751013729806,0.8979591836734694,1.0
protoporphyrin IX_BOSS,0.14935411147888614,0.2352745840357204,1.0,1.0
Rhodamine 123_BOSS,0.3209779458370987,0.5056302229894702,0.9090909090909091,1.0
CALCIUM CARBONATE_BOSS,-0.24971694163212374,-0.4377873122736762,0.9642857142857143,1.0
trichostatin A_BOSS,-0.141470322383781,-0.42358951783791904,0.98,1.0
benzene_BOSS,0.08938440046321175,0.24098403105413027,1.0,1.0
Gefitinib_BOSS,0.10557209517484209,0.224299266192142,1.0,1.0
formic acid_BOSS,-0.09499068760669986,-0.4040554798926728,1.0,1.0
ketamine_BOSS,0.138657629244678,0.294593040329607,1.0,1.0
Quercetin dihydrate_BOSS,0.10894051137756973,0.4549523428154252,0.9795918367346939,1.0
chlorophyll a_BOSS,0.10385155814660027,0.2206438003017292,1.0,1.0
clozapine_BOSS,-0.14963158617336556,-0.2623242520669164,1.0,1.0
TITANIUM_BOSS,-0.12077171030545,-0.3240262586581197,1.0,1.0
acetoacetic acid_BOSS,0.12101542289700482,0.3063362226639188,1.0,1.0
Amiloride hydrochloride dihydrate_BOSS,0.19537980410601546,0.3077779492298858,0.9772727272727273,1.0
Iniprol_BOSS,0.18192998410838984,0.2865907132444605,0.9772727272727273,1.0
astemizole_BOSS,-0.17166917349296065,-0.3009591002217317,1.0,1.0
Calcium phosphate_BOSS,-0.14776700304959367,-0.259055387612099,1.0,1.0
Calcifediol_BOSS,-0.11911573926327113,-0.3566555706613764,0.98,1.0
Vorinostat_BOSS,0.11761586447948481,0.29773064281782974,1.0,1.0
Superoxide_BOSS,0.08745593312311797,0.2730107126906764,1.0,1.0
2-Fluoroadenosine_BOSS,0.1396262800951075,0.4358706022317525,1.0,1.0
ibuprofen_BOSS,0.2045833643298559,0.3222761360013821,0.9772727272727273,1.0
Retinoic acid_BOSS,0.08160797376034905,0.4110175200418324,1.0,1.0
methyldopa_BOSS,0.13930740483341195,0.2194482053472636,1.0,1.0
Rosuvastatin_BOSS,0.13776819341978255,0.2927033382968998,1.0,1.0
Vitamin D3_BOSS,-0.11481171102070765,-0.41846601845257386,0.9833333333333333,1.0
ouabain_BOSS,0.1585521466490238,0.24976406729916575,0.9772727272727273,1.0
Melatonin_BOSS,0.14379615254862876,0.4488876704821413,1.0,1.0
methylene blue_BOSS,-0.09144233780564195,-0.16031069031322695,1.0,1.0
CORTICOSTERONE_BOSS,-0.07480450430696824,-0.29632583598766354,1.0,1.0
ionomycin_BOSS,-0.11273671923337018,-0.30246865970673736,1.0,1.0
L-carnitine_BOSS,0.12106952426645558,0.32640843194494884,1.0,1.0
progesterone_BOSS,-0.10836128639675129,-0.4292555518909415,1.0,1.0
Ethylparaben_BOSS,0.13603292973165915,0.48314340351735663,0.95,1.0
ceftazidime_BOSS,0.3703565327872885,0.5834153364352417,0.8863636363636364,1.0
Atazanavir sulfate_BOSS,0.4989978962346512,0.7860615373009261,0.7954545454545454,1.0
"Angiotensin II, human_BOSS",-0.0978928017114685,-0.2931099892758703,1.0,1.0
gemfibrozil_BOSS,0.3053435114503802,0.648735117375723,0.8979591836734694,1.0
ACRYLAMIDE_BOSS,-0.09593548443203403,-0.2573915365978177,1.0,1.0
trehalose_BOSS,-0.17559969478249315,-0.3078498315430925,1.0,1.0
Isoguanine_BOSS,-0.11196578674427433,-0.44353419177624176,1.0,1.0
Hydrogen_BOSS,0.1212759301947153,0.43073148387372795,0.975,1.0
methylglyoxal_BOSS,-0.15919811708559897,-0.2790956646450005,1.0,1.0
sodium chloride_BOSS,-0.09219699678927948,-0.33603985008755705,1.0,1.0
diphenhydramine_BOSS,-0.16522939825429317,-0.28966930996979096,1.0,1.0
N-ethylmaleimide_BOSS,-0.17790153381333784,-0.31188526428551605,1.0,1.0
bezafibrate_CTD_00005506,0.14733711195329785,0.45994146427468524,0.9777777777777777,1.0
kaempferol_CTD_00000297,0.09927901357901961,0.210928937776356,1.0,1.0
"5,6-BENZOFLAVONE_CTD_00007276",-0.0859431002955975,-0.25733027112887746,1.0,1.0
"N,N-dimethylaniline_CTD_00000790",-0.6856780735107781,-1.2020856851975006,0.32142857142857145,1.0
spermidine_CTD_00006769,0.2510730648045693,0.3955104435998019,0.9318181818181818,1.0
Adehl_CTD_00006002,-0.1113809596495847,-0.40596160706621626,1.0,1.0
MINOCYCLINE HYDROCHLORIDE_BOSS,0.22245751023494215,0.3504329252666541,0.9772727272727273,1.0
LITHOCHOLIC ACID_CTD_00006221,0.09638902137095774,0.300897085884341,1.0,1.0
Glatiramer acetate_BOSS,0.33929301139186974,0.5344815842765338,0.9090909090909091,1.0
carbon monoxide_BOSS,0.11928990723738632,0.30196828396105735,1.0,1.0
levamisole_BOSS,-0.1554404145077723,-0.3273567723473933,1.0,1.0
brefeldin A_BOSS,0.16727559165243958,0.4234383656560255,0.9583333333333334,1.0
Calcimycin_BOSS,0.25958161373702954,0.4089137928013078,0.9318181818181818,1.0
fluvastatin_BOSS,0.3146747043873694,0.4957008511397276,0.9090909090909091,1.0
dopamine_BOSS,0.050903603582765126,0.2349166401469531,1.0,1.0
OLEANOLIC ACID_BOSS,0.26666666666666766,0.4200747368448692,0.9318181818181818,1.0
atorvastatin_BOSS,0.2050324739481993,0.6400487632843495,0.8666666666666667,1.0
TTNPB_CTD_00001809,-0.26410256410256344,-0.556198741666137,0.8823529411764706,1.0
Epirubicin_CTD_00007057,-0.3643027952263102,-0.6386716917703803,0.8571428571428571,1.0
POTASSIUM_CTD_00006595,-0.1506310047698271,-0.2640763669948086,1.0,1.0
vinblastine_CTD_00006986,0.0810119723901128,0.12761656118647619,1.0,1.0
ethanol_CTD_00005337,-0.1360145440123941,-0.5387994190237426,0.9215686274509803,1.0
Acteoside_CTD_00002463,-0.2484656546829386,-0.43559363832113396,0.9642857142857143,1.0
"9,10-Phenanthrenequinone_CTD_00000222",-0.167992634691708,-0.2945136342883814,1.0,1.0
Cetrorelix_CTD_00002564,0.16129545806389348,0.2540855516267341,0.9772727272727273,1.0
CBDP_CTD_00000011,0.3561470215462624,0.5610313738279858,0.8863636363636364,1.0
butyric acid_CTD_00007353,-0.19027541833059486,-0.33357834449781165,1.0,1.0
Dichloromercury_CTD_00006273,0.17940110283805388,0.3811569302853582,0.9795918367346939,1.0
FENRETINIDE_CTD_00007166,-0.08482937774883971,-0.2762416757619181,1.0,1.0
Benzo[k]fluoranthene_CTD_00001069,0.24960886190502907,0.3932039136708824,0.9318181818181818,1.0
valsartan_CTD_00002971,0.16868382644127827,0.3583869243723944,1.0,1.0
Calcimycin_CTD_00005287,-0.17690300452046365,-0.31013470842616264,1.0,1.0
DAUDA_CTD_00002314,-0.18695200204427892,-0.32775194972441973,1.0,1.0
deferoxamine_CTD_00005759,0.16066164291027385,0.5015365803854686,0.9555555555555556,1.0
methyldopa_CTD_00006311,-0.17801135841526355,-0.37489107267583816,1.0,1.0
wortmannin_CTD_00000504,0.10872096753963365,0.27521426379514985,1.0,1.0
Ademetionine_CTD_00006715,0.3669462876075926,0.5780432445111021,0.8863636363636364,1.0
FURA-2_BOSS,0.15972792673948918,0.3393591526124908,1.0,1.0
Sorafenib_CTD_00004146,0.20115988792935785,0.5092124519717056,0.9375,1.0
Pyruvic acid_BOSS,-0.05606108489625301,-0.22207683885033203,1.0,1.0
L-aspartic acid_BOSS,0.12027190392442072,0.4528466134113856,0.9767441860465116,1.0
lorazepam_BOSS,0.16509809595693875,0.4451112775482515,1.0,1.0
Ethylene dimethacrylate_BOSS,-0.0982572131819018,-0.29420110772710767,1.0,1.0
thymidine_BOSS,0.12504961361005623,0.3371389170072862,1.0,1.0
etretinate_BOSS,0.09627496832659348,0.20454652067445747,1.0,1.0
mitomycin C_BOSS,0.18837124345682002,0.40021495840441207,0.9795918367346939,1.0
butyric acid_BOSS,0.0958171642162153,0.24254981265772435,1.0,1.0
IMIQUIMOD_BOSS,0.35276924029882106,0.5557104216955917,0.8863636363636364,1.0
methacholine_BOSS,0.12585222130179677,0.26738657445316066,1.0,1.0
Sorafenib tosylate_BOSS,0.11457311505449144,0.35766227263487,1.0,1.0
epoprostenol_BOSS,-0.11571300023938788,-0.31045391715366794,1.0,1.0
creatine_BOSS,0.11735217819889475,0.24932731904646457,1.0,1.0
oxiglutatione_BOSS,0.1248552589778949,0.336614928901201,1.0,1.0
N-methyl-D-aspartic acid_BOSS,0.09416877394388183,0.4742798301236574,1.0,1.0
Nandrolone phenpropionate_BOSS,-0.1434299358439401,-0.2514519267387454,1.0,1.0
CARBON TETRACHLORIDE_BOSS,-0.1227069067742844,-0.21512167561810314,1.0,1.0
lactose_BOSS,0.08729027842217232,0.2724935893080688,1.0,1.0
Pilocarpine hydrochloride_BOSS,-0.1631920364431792,-0.2860975412880706,1.0,1.0
SODIUM SULFATE_BOSS,-0.15517241379310326,-0.32679236411920715,1.0,1.0
L-proline_BOSS,-0.08656420130677576,-0.3155094226828488,1.0,1.0
Vinblastine sulfate_BOSS,0.34181790304411364,0.7262288836567661,0.8367346938775511,1.0
2'-Deoxy cyclic AMP_BOSS,0.13062815454444537,0.2057759536679572,1.0,1.0
beta-D-Glucose 6-phosphate_BOSS,-0.40233323993735154,-0.7053441652749879,0.7321428571428571,1.0
biotin_BOSS,0.19449592688923095,0.5243690425005076,0.96,1.0
ALDOSTERONE_BOSS,-0.08791059206559482,-0.32041675116977236,1.0,1.0
cholesterol_BOSS,0.10667974387363159,0.40166954339665206,0.9767441860465116,1.0
TETRACHLOROETHYLENE_BOSS,0.21055467236437692,0.44734603804577056,0.9795918367346939,1.0
Simvastatin and niacin_BOSS,0.10601448661930044,0.3309448486099409,1.0,1.0
palmitic acid_BOSS,-0.09509191981066296,-0.385840941710625,1.0,1.0
LITHIUM_BOSS,-0.126863333366734,-0.26717357562173033,1.0,1.0
5'-adenylic acid_BOSS,0.14911802535812138,0.4020283479825098,1.0,1.0
AZOXYMETHANE_BOSS,0.22651992602132245,0.35683236867572216,0.9772727272727273,1.0
pNPP disodium hexahydrate_BOSS,-0.519894154415603,-0.9114442257734404,0.5535714285714286,1.0
salicylic acid_BOSS,-0.13215590243521158,-0.35456964646245215,1.0,1.0
Fortovase_BOSS,0.4396442185514632,0.9340714082011529,0.4897959183673469,1.0
luteolin_BOSS,-0.16994984720053274,-0.2979448904866456,1.0,1.0
Pioglitazone_BOSS,-0.1055135669712651,-0.22221106931522483,1.0,1.0
celecoxib_BOSS,0.14101727913352805,0.3801884019781454,1.0,1.0
uridine triphosphate_BOSS,0.23822060860069122,0.37526422300859835,0.9545454545454546,1.0
thioguanosine_PC3_DOWN,0.14248653119342913,0.2244562203563166,1.0,1.0
thioguanosine_MCF7_UP,-0.21174379467761056,-0.44593142272395214,0.9607843137254902,1.0
theophylline_PC3_DOWN,0.24066062588632872,0.5113093729763224,0.9795918367346939,1.0
PHA-00767505E_MCF7_DOWN,-0.18551546922533144,-0.39069469428801656,1.0,1.0
PHA-00665752_MCF7_DOWN,0.0837822631977347,0.3866493998272336,1.0,1.0
N-acetyl-L-aspartic acid_PC3_DOWN,-0.10545440817188939,-0.427887335092123,1.0,1.0
MS-275_PC3_DOWN,0.09477680495612327,0.25552217602173066,1.0,1.0
MG-262_PC3_UP,-0.06726745177406007,-0.28613102181405864,1.0,1.0
MG-262_PC3_DOWN,-0.08128220569623427,-0.3457446351510613,1.0,1.0
MG-262_MCF7_UP,-0.07013280603942762,-0.4011596439195732,1.0,1.0
PNU-0293363_MCF7_UP,0.07383173038888875,0.3083326697276524,1.0,1.0
MG-132_MCF7_UP,0.07720939047023415,0.32243829809134134,1.0,1.0
LY-294002_PC3_UP,0.12403379499335657,0.26352313226294805,1.0,1.0
LY-294002_PC3_DOWN,0.16532908479362518,0.26043964420306837,0.9772727272727273,1.0
LY-294002_MCF7_UP,0.12964944593769578,0.27545418642949127,1.0,1.0
L-methionine sulfoximine_MCF7_UP,0.39769820971867076,1.006725956154436,0.4791666666666667,1.0
HC toxin_MCF7_UP,-0.07541881488728557,-0.28765232513931055,1.0,1.0
HC toxin_MCF7_DOWN,-0.12100061716851472,-0.39403110268970487,0.9818181818181818,1.0
H-89_PC3_DOWN,0.12346577808176301,0.43850909010054795,0.975,1.0
MG-132_MCF7_DOWN,-0.11462402869810547,-0.48756849844697686,0.98,1.0
H-7_MCF7_UP,-0.1162654453211939,-0.49455048160822973,0.98,1.0
Prestwick-864_MCF7_DOWN,0.348659003831417,0.5492356473115356,0.9090909090909091,1.0
Prestwick-983_HL60_UP,0.1052203767779845,0.3737075357869235,1.0,1.0
alvespimycin_MCF7_DOWN,-0.13398529819556584,-0.2821723996181851,1.0,1.0
alsterpaullone_PC3_UP,-0.13493783089358957,-0.4918217517242877,0.9833333333333333,1.0
alsterpaullone_MCF7_UP,0.0728685819771044,0.469373038740467,1.0,1.0
alprostadil_PC3_UP,-0.11352305404811439,-0.23907901093734676,1.0,1.0
alimemazine_HL60_UP,0.14278010452346135,0.5071071084781207,0.925,1.0
alexidine_PC3_UP,0.11424280463575073,0.24272112062466183,1.0,1.0
alexidine_MCF7_DOWN,-0.12160534066089101,-0.2561002680352736,1.0,1.0
Prestwick-983_HL60_DOWN,-0.08146361663692352,-0.322704822739748,1.0,1.0
ajmaline_HL60_UP,0.04726604617388952,0.4182518407295586,1.0,1.0
TTNPB_MCF7_UP,-0.1521173486419817,-0.320358411467002,1.0,1.0
STOCK1N-35215_MCF7_UP,-0.14463862088373497,-0.3046082464410197,1.0,1.0
STOCK1N-28457_MCF7_DOWN,0.09417879248619261,0.2539099097327842,1.0,1.0
SR-95531_PC3_DOWN,0.21514604809152205,0.45710090939416526,0.9795918367346939,1.0
SC-560_MCF7_DOWN,0.2084426943289252,0.3283556623779691,0.9772727272727273,1.0
R-atenolol_PC3_UP,-0.09257859031788421,-0.3937953043729887,1.0,1.0
R-atenolol_PC3_DOWN,0.07632179432918325,0.19319959077970683,1.0,1.0
acetohexamide_HL60_UP,-0.22685846512845495,-0.39771333521066055,0.9821428571428571,1.0
GW-8510_PC3_UP,0.13017340420220963,0.3295185686253166,0.9791666666666666,1.0
GW-8510_MCF7_UP,0.09161453556614235,0.3253841449449173,1.0,1.0
F0447-0125_MCF7_UP,-0.12139377489302469,-0.21281957919965327,1.0,1.0
"1,4-chrysenequinone_PC3_DOWN",-0.13875012709947668,-0.2432475939497764,1.0,1.0
0317956-0000_MCF7_DOWN,-0.16376288010229703,-0.2870983068333327,1.0,1.0
0297417-0002B_PC3_UP,-0.09603475524935735,-0.2576578767154649,1.0,1.0
0297417-0002B_MCF7_UP,0.11665417314481707,0.18376301657124244,1.0,1.0
0198306-0000_MCF7_DOWN,0.38830259498475983,0.6116854140165082,0.8636363636363636,1.0
0179445-0000_PC3_DOWN,0.11063353980829171,0.23505284946880925,1.0,1.0
0179445-0000_MCF7_UP,-0.09138072013723433,-0.273611557041667,1.0,1.0
"1,4-chrysenequinone_PC3_UP",0.15543905893616405,0.3934755837647639,0.9583333333333334,1.0
0175029-0000_MCF7_UP,0.07790587999467781,0.35953029428034244,1.0,1.0
(-)-isoprenaline_HL60_UP,0.0867845513903438,0.21968482216623858,1.0,1.0
(-)-isoprenaline_HL60_DOWN,-0.10139232070347017,-0.3695549902465526,1.0,1.0
(+)-isoprenaline_PC3_UP,0.15538745381757416,0.33013735124821886,1.0,1.0
AZ-628_LINCS,0.2529042265055136,0.398395036485969,0.9318181818181818,1.0
Crizotinib_Kinome Scan,0.1528302054895115,0.3247042022470023,1.0,1.0
Ponatinib_FDA,0.17075753314661635,0.4603693536823246,1.0,1.0
OTSSP167_MRC,0.07008510992313793,0.21878430800325468,1.0,1.0
(-)-isoprenaline_PC3_UP,0.09989164233263723,0.1573573326220658,1.0,1.0
"1,5-isoquinolinediol_HL60_DOWN",-0.09466555701266006,-0.16596142615952816,1.0,1.0
15-delta prostaglandin J2_HL60_DOWN,0.09957945433001628,0.26847031685908707,1.0,1.0
15-delta prostaglandin J2_HL60_UP,-0.11599998472960579,-0.24429541515107017,1.0,1.0
CP-863187_PC3_DOWN,-0.20164690150874656,-0.42466741381762946,1.0,1.0
C-75_MCF7_DOWN,0.17842403788891206,0.28106786536118783,0.9772727272727273,1.0
BW-B70C_MCF7_UP,0.11191510595268017,0.23777567452297682,1.0,1.0
BAS-012416453_PC3_UP,0.19900316744722613,0.4228036239538574,0.9795918367346939,1.0
AH-23848_PC3_UP,-0.09251219819812052,-0.16218629916327143,1.0,1.0
AG-028671_MCF7_UP,0.08138804399659341,0.21942552414369293,1.0,1.0
AG-012559_PC3_DOWN,0.1043951446588194,0.6101475360186461,0.8888888888888888,1.0
8-azaguanine_PC3_UP,-0.09524957318101551,-0.4467159387378564,1.0,1.0
8-azaguanine_PC3_DOWN,0.07972363582255684,0.16938143534571384,1.0,1.0
7-aminocephalosporanic acid_PC3_DOWN,0.3043971237776517,0.6467244150194352,0.8979591836734694,1.0
5707885_MCF7_UP,-0.12522050840586735,-0.21952835661950085,1.0,1.0
5253409_MCF7_UP,0.2854036478383995,0.4495907334760535,0.9318181818181818,1.0
5224221_MCF7_UP,0.0827454331508523,0.17580156864131186,1.0,1.0
5109870_MCF7_UP,0.09814357025805254,0.30637425164097465,1.0,1.0
"16,16-dimethylprostaglandin E2_PC3_UP",0.21085121434144713,0.3321497564171407,0.9772727272727273,1.0
15-delta prostaglandin J2_PC3_UP,0.14083298913067172,0.22185142818053633,1.0,1.0
15-delta prostaglandin J2_MCF7_UP,-0.09894117975211633,-0.17345716663740202,1.0,1.0
amantadine_PC3_UP,0.18006645871910718,0.48546660105005746,0.98,1.0
ambroxol_PC3_UP,-0.08465465100848327,-0.2534724046655018,1.0,1.0
amikacin_PC3_DOWN,0.14212220561442984,0.7709578516512846,0.673469387755102,1.0
amprolium_PC3_DOWN,0.15983108012126912,0.5676664627452587,0.925,1.0
celecoxib_MCF7_UP,0.5140730252627242,0.8098090905235644,0.7954545454545454,1.0
celastrol_MCF7_UP,-0.08408917169652164,-0.32072163681825433,1.0,1.0
cefoxitin_HL60_UP,0.07276830421850237,0.38990102179682656,1.0,1.0
cefotiam_PC3_UP,-0.13822013556450027,-0.2423184476607476,1.0,1.0
cefotiam_PC3_DOWN,0.12089662788709124,0.1904460717941315,1.0,1.0
cefalotin_HL60_UP,-0.16936865005502366,-0.45441014184949496,1.0,1.0
cefalonium_PC3_DOWN,0.11699182462837662,0.36521274520976726,1.0,1.0
cephaeline_HL60_DOWN,0.08622820115853391,0.46775455270719846,0.9795918367346939,1.0
cefadroxil_HL60_UP,0.5545259817441253,0.8735338344555198,0.7045454545454546,1.0
carmustine_PC3_UP,0.09268304570235333,0.19691509489379333,1.0,1.0
carcinine_PC3_DOWN,0.7268619160800922,1.1450112304496285,0.29545454545454547,1.0
carbamazepine_MCF7_UP,0.6369426751592357,1.0033632249479323,0.5681818181818182,1.0
carbamazepine_HL60_DOWN,-0.18837013475358325,-0.6865719497159092,0.75,1.0
captopril_PC3_UP,-0.16939702403001092,-0.29697571727635574,1.0,1.0
captopril_HL60_DOWN,0.09473855562600014,0.35670869650221987,1.0,1.0
cantharidin_HL60_UP,0.17169850099510406,0.6098155668134271,0.825,1.0
cefaclor_PC3_DOWN,0.23133321742102889,0.49149229090765395,0.9795918367346939,1.0
cephaeline_MCF7_DOWN,0.08970897699716002,0.2800440275477674,1.0,1.0
cephaeline_PC3_DOWN,0.13892438915294042,0.3516706514774108,0.9791666666666666,1.0
chlorcyclizine_MCF7_UP,-0.139639247364396,-0.2448063410997416,1.0,1.0
clindamycin_HL60_UP,-0.0929456446122338,-0.8524147364361995,0.6949152542372882,1.0
clidinium bromide_HL60_UP,-0.0687469503161483,-0.39323254931334733,1.0,1.0
clenbuterol_PC3_UP,0.1144934401657999,0.24325362275392814,1.0,1.0
cinoxacin_HL60_DOWN,-0.14749157652140826,-0.2585725279442084,1.0,1.0
cimetidine_PC3_UP,0.0957608751073603,0.9661783389557781,0.4186046511627907,1.0
ciclosporin_HL60_DOWN,-0.17428568340349163,-0.30554619324706705,1.0,1.0
ciclopirox_PC3_UP,-0.10727626477621506,-0.3212058932666963,1.0,1.0
ciclopirox_MCF7_UP,-0.08697825761689398,-0.23335961152594895,1.0,1.0
ciclopirox_HL60_UP,-0.07336022241538119,-0.29766332783279875,1.0,1.0
ciclopirox_HL60_DOWN,-0.04858527237314013,-0.1454737060875026,1.0,1.0
cicloheximide_PC3_DOWN,-0.06881305989453745,-0.22408551711712008,1.0,1.0
cicloheximide_MCF7_UP,-0.060034074872961224,-0.2188123498920829,1.0,1.0
chlortetracycline_HL60_UP,0.07418203652371182,0.6564283632052447,0.9024390243902439,1.0
chlorprothixene_PC3_UP,0.07113029953272024,0.11205015696714023,1.0,1.0
chlorprothixene_MCF7_UP,-0.1487694271966328,-0.3133077048544869,1.0,1.0
chlorpromazine_PC3_UP,-0.13099870271515993,-0.22965830671390342,1.0,1.0
chlorhexidine_PC3_UP,-0.08227207479974137,-0.7545262529412821,0.7457627118644068,1.0
cantharidin_HL60_DOWN,-0.09986900037031059,-0.39561474670754326,1.0,1.0
BIO (6-Bromoindirubin-3'-oxime)_MRC,-0.13598862572694503,-0.23840631143278287,1.0,1.0
canavanine_MCF7_UP,-0.5770700636942675,-1.5482587209334095,0.09615384615384616,1.0
camptothecin_MCF7_UP,-0.08533164446805827,-0.4880969982953965,1.0,1.0
azacyclonol_PC3_UP,0.17391057262745602,0.4688700781960869,1.0,1.0
azacyclonol_MCF7_UP,0.14067049999062095,0.37925347110306906,1.0,1.0
azacyclonol_HL60_UP,0.05274299909068622,0.5013122581940989,0.975609756097561,1.0
azacitidine_PC3_UP,0.12015101171583623,0.1892715173556544,1.0,1.0
azacitidine_MCF7_UP,-0.1202592054214507,-0.21083052664958693,1.0,1.0
atovaquone_MCF7_UP,-0.1090536568973992,-0.355126557906584,0.9818181818181818,1.0
atovaquone_MCF7_DOWN,0.09381090052061876,0.2374711935241956,1.0,1.0
azathioprine_MCF7_DOWN,-0.25441384680120593,-0.6825834189258368,0.8076923076923077,1.0
astemizole_PC3_UP,0.1592867427521452,0.4972445620095306,0.9555555555555556,1.0
astemizole_HL60_UP,-0.10999354425611439,-0.23164588013197399,1.0,1.0
apigenin_PC3_UP,0.1811825695248216,0.38494184778582063,0.9795918367346939,1.0
apigenin_HL60_UP,-0.09546585673820965,-0.37817241178608146,1.0,1.0
apigenin_HL60_DOWN,-0.0481163535912759,-0.1952348760894143,1.0,1.0
anisomycin_MCF7_DOWN,-0.052906902297323796,-0.246570643367118,1.0,1.0
amylocaine_PC3_UP,-0.620253164556965,-1.0873870393649934,0.4107142857142857,1.0
ampyrone_HL60_UP,0.04965326415623684,0.4804320924948131,1.0,1.0
astemizole_MCF7_UP,0.11092134799376724,0.3939554760612461,0.975,1.0
baclofen_HL60_DOWN,0.08373633839150392,0.22575662270736527,1.0,1.0
beclometasone_PC3_UP,-0.19380314505220456,-0.3397629228840258,1.0,1.0
benfotiamine_PC3_DOWN,-0.09621582101147,-0.2581436697982991,1.0,1.0
calmidazolium_MCF7_UP,-0.10285342443618996,-0.3349358804473083,1.0,1.0
buflomedil_PC3_UP,0.07258233653591088,0.3655600131604613,1.0,1.0
buflomedil_PC3_DOWN,0.09679135131084557,0.2056436318405287,1.0,1.0
bucladesine_HL60_UP,0.05752703521957321,0.30823653311616567,1.0,1.0
bucladesine_HL60_DOWN,-0.11181704398684936,-0.19603028466328526,1.0,1.0
bromocriptine_HL60_DOWN,-0.09820191137094537,-0.2940355234049412,1.0,1.0
bisacodyl_PC3_UP,-0.10304456688888225,-0.18065095498865272,1.0,1.0
bisacodyl_MCF7_UP,-0.07791067494753598,-0.2537113436216831,1.0,1.0
bisacodyl_MCF7_DOWN,-0.061640305705833356,-0.18456300186044752,1.0,1.0
biotin_MCF7_DOWN,0.42547770700636967,1.0770464662423025,0.4166666666666667,1.0
beta-escin_PC3_UP,0.22204558302712324,0.4717597131297492,0.9795918367346939,1.0
bepridil_PC3_UP,0.11146960626523668,0.17559587069276364,1.0,1.0
bepridil_MCF7_UP,-0.14938485086533118,-0.4007943102210924,1.0,1.0
benzylpenicillin_HL60_DOWN,-0.11583784492186511,-0.20307928831927743,1.0,1.0
benzocaine_PC3_UP,0.10009227832428513,0.2533717581252698,1.0,1.0
benserazide_PC3_DOWN,0.11411494541751213,0.3562320069609693,1.0,1.0
benfotiamine_PC3_UP,0.1364137076650445,0.34531515839312144,0.9791666666666666,1.0
canavanine_MCF7_DOWN,0.2109890409957777,0.3323668720254461,0.9772727272727273,1.0
clioquinol_PC3_UP,0.10095222466551934,0.15902804703851994,1.0,1.0
CGP74514A_LINCS,-0.10811434144511017,-0.323715256970028,1.0,1.0
JNK-9L_LINCS,0.1593020530868358,0.33845433825200544,1.0,1.0
LDN-193189_MRC,-0.1876978204209979,-0.32905946943235015,1.0,1.0
Crizotinib_FDA,0.12595903328234292,0.3188503873506422,0.9791666666666666,1.0
WH-4-025_LINCS,0.23930220784284043,0.5084232678002153,0.9795918367346939,1.0
Kinome_3177_Roche,0.29081632653061495,0.4581172193907718,0.9318181818181818,1.0
"Staurosporine, Streptomyces sp._RBC",0.17489158708829933,0.6211563391237308,0.8,1.0
PKR Inhibitor_RBC,0.19663189325597258,0.41776559700026067,0.9795918367346939,1.0
Curcumin_MRC,-0.20792204347025223,-0.3645152466563069,0.9821428571428571,1.0
Kinome_1221_Roche,0.29156010230179197,0.6194507827934239,0.8979591836734694,1.0
PP242_MRC,-0.15990155329372188,-0.28032888272342704,1.0,1.0
Staurosporine_Kinome Scan,0.09746694065817849,0.42399684451829445,0.98,1.0
Cdk1/2 Inhibitor III_RBC,0.15805398929563455,0.4261200753964287,1.0,1.0
Dasatinib_RBC,0.2720381829089161,0.42853638036457087,0.9318181818181818,1.0
K252a_MRC,0.0853491810732615,0.21605135206356307,1.0,1.0
gw8510_Roche,0.40086187671991613,0.6314698026534694,0.8409090909090909,1.0
CZC-25146_MRC,0.37579617834394907,0.59198430271928,0.8863636363636364,1.0
Nintedanib_FDA,0.11393394798958557,0.35566698827065535,1.0,1.0
Dasatinib_MRC,0.32097186700767244,0.5056206471294519,0.9090909090909091,1.0
Kinome_3629_Roche,0.25365952315835105,0.6421090659923093,0.8333333333333334,1.0
Bosutinib_RBC,0.2548529456740314,0.5414624821731598,0.9387755102040817,1.0
AS601245_LINCS,0.22639068564036186,0.35662877885439054,0.9772727272727273,1.0
AZD7762_LINCS,-0.09154124923617044,-0.33364977972609305,1.0,1.0
Cabozantinib_FDA,0.21429102734971384,0.3375684259580526,0.9772727272727273,1.0
BX-912_LINCS,0.09922915656322207,0.30976312052931343,1.0,1.0
Nilotinib_FDA,0.2447068628181654,0.3854818912592773,0.9318181818181818,1.0
Nilotinib_RBC,0.5416508856739577,0.8532519497297897,0.75,1.0
IKK Inhibitor VII_MRC,0.08350711837018858,0.21138838831182946,1.0,1.0
RO-31-8220_MRC,-0.14265796963130373,-0.25009856636524685,1.0,1.0
GSK2606414_MRC,0.2800320020524244,0.441128885888676,0.9318181818181818,1.0
Dinaciclib_LINCS,0.1612738256134951,0.25405147445457754,0.9772727272727273,1.0
JAK3 Inhibitor VI_RBC,0.13640367371173628,0.3452897586276929,0.9791666666666666,1.0
Bosutinib_FDA,0.1231858006938011,0.31183027722413853,0.9791666666666666,1.0
Bosutinib_MRC,0.4030113348268146,1.020175503635296,0.4791666666666667,1.0
BX-795_MRC,0.11197043175603309,0.23789322014024433,1.0,1.0
PD-173955_Kinome Scan,0.1439106497089826,0.387989048410779,1.0,1.0
HG-5-113-01_LINCS,0.11631781436234244,0.24712970187186803,1.0,1.0
TAE-684_Kinome Scan,0.134510539770057,0.4777363842832635,0.95,1.0
HG-9-91-01_LINCS,0.1646565102810586,0.5848047744425433,0.9,1.0
METHACYCLINE HYDROCHLORIDE,0.14439178799379482,0.30677587706810383,1.0,1.0
oxytetracycline,0.1554775376474623,0.24492069642204645,0.9772727272727273,1.0
Crizotinib,0.1590508544669396,0.33792063977782166,1.0,1.0
Rubidomycin hydrochloride,-0.2498734829508036,-0.5262323645559144,0.9411764705882353,1.0
TOPOTECAN HYDROCHLORIDE,-0.12575822974673473,-0.2204710542956454,1.0,1.0
mifepristone,0.23264781491002304,0.3664855110969802,0.9772727272727273,1.0
methyldopa,-0.1915414329206601,-0.3357978379813592,1.0,1.0
dobutamine,-0.18795445958791435,-0.3295093923345537,1.0,1.0
doxorubicin,0.5464968152866243,0.8608856470053259,0.75,1.0
deslanoside,0.6882129277566539,1.084128241952296,0.36363636363636365,1.0
Epirubicin hydrochloride,-0.13538657433142334,-0.23735083453732922,1.0,1.0
Metformin hydrochloride,-0.5558375634517737,-0.9744578456466155,0.5,1.0
zafirlukast,0.1358899280777905,0.21406472166429683,1.0,1.0
ticlopidine,0.2314578005115105,0.36461090490211734,0.9772727272727273,1.0
Vorinostat,0.23626722596264704,0.37218709789247184,0.9545454545454546,1.0
prochlorperazine,-0.12340428956878241,-0.2163442812500388,1.0,1.0
niclosamide,-0.1428727349592336,-0.25047507880797293,1.0,1.0
hexachlorophene,-0.20747180679110727,-0.5566395736347295,0.9423076923076923,1.0
gemfibrozil,0.30456852791878075,0.4797807908126645,0.9318181818181818,1.0
progesterone,-0.2193888118075365,-0.4620317923743943,0.9607843137254902,1.0
sertraline,0.1761820060835415,0.2775360369087921,0.9772727272727273,1.0
Fingolimod hydrochloride,-0.31594606908721695,-0.5538958610701353,0.875,1.0
Valdecoxib,0.3467834887803077,0.5462811854682481,0.9090909090909091,1.0
chlorhexidine,-0.10444272155399494,-0.18310210775779207,1.0,1.0
Axitinib,0.1361465209117259,0.34463880674472774,0.9791666666666666,1.0
Vinblastine sulfate,-0.1775927355020082,-0.31134389940306917,1.0,1.0
Sunitinib,0.10896072078505697,0.4102578556782772,0.9767441860465116,1.0
Bosutinib,0.09770512181886966,0.3050055495234074,1.0,1.0
Methysergide maleate,0.19953051791809706,0.31431648677611784,0.9772727272727273,1.0
Vandetanib,0.17058051851254477,0.4318043969127754,0.9583333333333334,1.0
Dasatinib,0.1772712284705914,0.5533866336567017,0.9555555555555556,1.0
digoxin,0.19685038428950222,0.4182298046908355,0.9795918367346939,1.0
Nilotinib,0.2690526777377105,0.5716313395471986,0.9387755102040817,1.0
idarubicin hydrochloride,0.22596623851624628,0.4800895672237319,0.9795918367346939,1.0
Alitretinoin,-0.13971658548969082,-0.24494192521264885,1.0,1.0
Retinoic acid,-0.15810492094981077,-0.33296821021911194,1.0,1.0
Doxorubicin Hydrochloride,-0.12859646624186022,-0.34501980412150207,1.0,1.0
digitoxin,0.16808870657113373,0.26478682192298686,0.9772727272727273,1.0
Sorafenib,0.12666854635960553,0.26912094480109705,1.0,1.0
Gefitinib,0.1401843545961867,0.22082964700035274,1.0,1.0
LY-333531_Kinome Scan,-0.15864305377985113,-0.2781225641770192,1.0,1.0
XMD8-85_LINCS,-0.1709511568123397,-0.2997003206182245,1.0,1.0
Crizotinib_LINCS,0.12595903328234292,0.3188503873506422,0.9791666666666666,1.0
R547_Kinome Scan,-0.16609845619250693,-0.2911928851685502,1.0,1.0
Alsterpaullone_RBC,-0.3456162642947899,-0.7278662058936344,0.7450980392156863,1.0
SYK Inhibitor II_MRC,-0.16845207381803712,-0.2953190927364722,1.0,1.0
Fostamatinib_MRC,0.40000000000000013,0.6301121052673015,0.8409090909090909,1.0
KIN001-220_LINCS,0.15178372906447196,0.32248085057594744,1.0,1.0
Sunitinib_FDA,0.10143778533598766,0.25677774990438024,1.0,1.0
Staurosporine_MRC,0.14059795493719335,0.4389038743228296,1.0,1.0
HG-14-10-04_LINCS,-0.11371166759415913,-0.3404747344682502,0.98,1.0
SKI-606_Kinome Scan,0.15600523624191184,0.3314498964261455,1.0,1.0
Nilotinib_Kinome Scan,0.2447068628181654,0.3854818912592773,0.9318181818181818,1.0
R406_LINCS,0.11805542623021179,0.368532984568796,1.0,1.0
EXEL-2880/GSK-1363089_Kinome Scan,0.11674044113444466,0.4146229458490197,0.975,1.0
Vandetanib_FDA,0.1917239125170388,0.3020188953654881,0.9772727272727273,1.0
RO-3306_MRC,-0.14753748035817218,-0.2586530035306407,1.0,1.0
CP466722_LINCS,0.13632176802441417,0.21474499060906077,1.0,1.0
OTSSP167_LINCS,-0.07936860744003743,-0.28928290372371007,1.0,1.0
ALW-II-49-7_LINCS,0.32056194125159587,0.5049748991765401,0.9090909090909091,1.0
CHEMBL1241473_Roche,0.33597431308454534,0.5292537043335958,0.9090909090909091,1.0
NG-25_MRC,0.3762755102040853,0.952496927395452,0.4791666666666667,1.0
Compound C (Dorsomorphin)_MRC,0.10677717053353668,0.27029377169407304,1.0,1.0
CEP-701_Kinome Scan,0.0915667531733078,0.38239685451646793,1.0,1.0
Alsterpaullone 2-Cyanoethyl_RBC,0.28555845579860545,0.44983459940034726,0.9318181818181818,1.0
AT-7519_Kinome Scan,0.18051069956507498,0.28435494231555686,0.9772727272727273,1.0
PKR Inhibitor_MRC,-0.11154764436462812,-0.299278413580319,1.0,1.0
BMS-387032/SNS-032_Kinome Scan,-0.13405109569802967,-0.2350095612633131,1.0,1.0
AST-487_Kinome Scan,0.0967107895947215,0.2607362783907227,1.0,1.0
Sunitinib_Kinome Scan,0.1136224691507753,0.28762183510295053,1.0,1.0
PHA-767491_LINCS,0.07276287288765668,0.15459254614303347,1.0,1.0
Dabrafenib_FDA,0.1885735022451791,0.5886688804755819,0.9333333333333333,1.0
Crenolanib_MRC,0.09917176662624344,0.1562233266298494,1.0,1.0
Kinome_1199_Roche,0.4351145038167952,0.6854272900808451,0.8409090909090909,1.0
HG-6-64-01_LINCS,0.162291982302035,0.43754587937306255,1.0,1.0
SP600125_LINCS,-0.16587755639560559,-0.2908056181784326,1.0,1.0
IPA-3_MRC,-0.21543140661790933,-0.377680168058167,0.9821428571428571,1.0
Dasatinib_FDA,0.23320691862568466,0.4954731705574477,0.9795918367346939,1.0
GSK2163632A_GSK,-0.48680850547573357,-0.8534406428785561,0.5714285714285714,1.0
Dasatinib_Kinome Scan,0.23320691862568466,0.4954731705574477,0.9795918367346939,1.0
BIBF-1120 (derivative)_Kinome Scan,0.11393394798958557,0.35566698827065535,1.0,1.0
AZD5438_LINCS,0.1060178643793226,0.28582853595795366,1.0,1.0
PP2_MRC,0.742712294043093,1.1699800180185007,0.2727272727272727,1.0
Kinome_1194_Roche,0.358663980047341,0.7620201853618462,0.7959183673469388,1.0
Dabrafenib_LINCS,0.1885735022451791,0.5886688804755819,0.9333333333333333,1.0
JNJ-28312141_Kinome Scan,0.14757477703472535,0.3135384794868203,1.0,1.0
R406_Kinome Scan,-0.08439356718454202,-0.3075978898734073,1.0,1.0
Indirubin Derivative E804_RBC,0.19121437992500745,0.3012162387298201,0.9772727272727273,1.0
PD0332991_LINCS,0.14180148877595145,0.22337708655663094,1.0,1.0
IKK-2 Inhibitor IV (TPCA-1)_MRC,0.26927742903245117,0.5721088478357532,0.9387755102040817,1.0
GW559768X_GSK,0.4548700746743664,0.716547850940399,0.8409090909090909,1.0
NVP-TAE684_LINCS,0.14249690515372415,0.5061012791716527,0.925,1.0
Purvalanol A_MRC,-0.19521009122474545,-0.34222948834556266,1.0,1.0
A443654_LINCS,-0.08432656309733341,-0.25249004597888336,1.0,1.0
"BMS-536924,KIN001-126_LINCS",0.08827100085887755,0.2755551052262593,1.0,1.0
GSK650394A_MRC,0.22691114144092514,0.35744864260486936,0.9772727272727273,1.0
Bosutinib_LINCS,0.12640929460144926,0.19913006686668427,1.0,1.0
Flavopiridol_Kinome Scan,0.10209335853995205,0.1608256527085465,1.0,1.0
A-769662_MRC,0.20134134329700015,0.31716904425554804,0.9772727272727273,1.0
WH-4-023_LINCS,0.16113195618503756,0.5722867388081441,0.925,1.0
Kinome_1242_Roche,0.2904458598726116,0.6170834549610892,0.9183673469387755,1.0
Palbociclib_FDA,0.14180148877595145,0.22337708655663094,1.0,1.0
BI-D-1870_MRC,-0.2631203232705125,-0.5541301471537882,0.9215686274509803,1.0
R-406_MRC,0.1636856757026219,0.2578508142976996,0.9772727272727273,1.0
AZD4547_LINCS,-0.08603539921021308,-0.25760663193784566,1.0,1.0
PHA-793887_LINCS,-0.12681265328570257,-0.34023389658680053,1.0,1.0
SB 218078_RBC,0.14917449408945216,0.40218059001170153,1.0,1.0
SYK Inhibitor I_MRC,-0.09722152270208317,-0.20474806359231246,1.0,1.0
Go 6976_RBC,0.2204510210648819,0.34727214247879734,0.9772727272727273,1.0
KW-2449_Kinome Scan,0.13549678647467597,0.342994080903874,0.9791666666666666,1.0
GW768505A_GSK,0.19003179733184616,0.403742983637065,0.9795918367346939,1.0
PKCb Inhibitor_RBC,0.2882835459608516,0.4541273801482876,0.9318181818181818,1.0
VX-680/MK-0457_Kinome Scan,-0.1095252049693063,-0.23065955982538916,1.0,1.0
"Staurosporine, N-benzoyl-_RBC",0.24881891804524325,0.5286425417610763,0.9591836734693877,1.0
PKC-412_Kinome Scan,0.11032898985879366,0.23440580035911662,1.0,1.0
QL-X-138_LINCS,0.12487691698110234,0.19671614264563103,1.0,1.0
Vandetanib_Kinome Scan,0.1917239125170388,0.3020188953654881,0.9772727272727273,1.0
"K-252a, Nocardiopsis sp._RBC",0.14754985358071493,0.37350499397915354,0.9583333333333334,1.0
SU11652_RBC,0.1372281490376534,0.21617279473012696,1.0,1.0
KIN001-111/A770041_LINCS,0.1648975284813965,0.25975982206196885,0.9772727272727273,1.0
BX-912_MRC,-0.15761088866617484,-0.27631304020965985,1.0,1.0
WZ4002_LINCS,0.14438043831984293,0.22743965487282997,1.0,1.0
PP-242_Kinome Scan,0.11835223490014458,0.2514520470237713,1.0,1.0
trolox_CTD_00000557,0.3666588736628453,0.5775904869965823,0.8863636363636364,1.0
clobetasol_MCF7_DOWN,0.20791882621463748,0.5263219044197073,0.9166666666666666,1.0
clomifene_MCF7_UP,-0.16965155123718764,-0.2974219376296972,1.0,1.0
parthenolide_MCF7_UP,0.07592775714462233,0.26966996212355043,1.0,1.0
parthenolide_MCF7_DOWN,-0.09783796348566845,-0.1715230804637201,1.0,1.0
parthenolide_HL60_DOWN,0.07916053290082549,0.298054475486695,1.0,1.0
parbendazole_PC3_UP,-0.24111675126903598,-0.50779072935613,0.9411764705882353,1.0
paracetamol_HL60_UP,0.17683962254659555,0.44764857810184155,0.9583333333333334,1.0
paclitaxel_PC3_UP,-0.0860717057670307,-0.2577153407937922,1.0,1.0
oxolinic acid_HL60_DOWN,0.0841312488254863,0.3513450439431593,1.0,1.0
parthenolide_PC3_DOWN,-0.10217283061060663,-0.30592522392840776,1.0,1.0
oxolamine_PC3_DOWN,0.1339388179927034,0.3390502680544729,0.9791666666666666,1.0
ouabain_HL60_UP,0.07635824130122892,0.3523880478294541,1.0,1.0
orciprenaline_PC3_UP,0.11825085589213331,0.25123665642205445,1.0,1.0
orciprenaline_PC3_DOWN,0.16748267235143613,0.2638321481778927,0.9772727272727273,1.0
octopamine_PC3_DOWN,0.16156255588417592,0.5043489555359462,0.9555555555555556,1.0
nystatin_PC3_UP,0.29197579221171754,0.6203339606976359,0.8979591836734694,1.0
norcyclobenzaprine_PC3_UP,-0.17268269830910704,-0.3027359452458753,1.0,1.0
nocodazole_PC3_UP,0.1856615486668792,0.29246897324418697,0.9772727272727273,1.0
ouabain_MCF7_UP,-0.0779638970543455,-0.2973594360786633,1.0,1.0
nocodazole_MCF7_UP,0.09622995328530781,0.20445088137970574,1.0,1.0
parthenolide_PC3_UP,0.16059765664056744,0.4329779074931487,1.0,1.0
pentetrazol_HL60_UP,0.14366466775853085,0.22631211563463816,1.0,1.0
piperlongumine_MCF7_UP,-0.131474715829636,-0.3527420467150076,1.0,1.0
piperlongumine_MCF7_DOWN,0.09371790328562134,0.3528657461478179,1.0,1.0
piperlongumine_HL60_UP,-0.0861524141001229,-0.15103674411624182,1.0,1.0
piperlongumine_HL60_DOWN,-0.05411898719549483,-0.1451993426189936,1.0,1.0
piperidolate_HL60_DOWN,-0.23592979053846394,-0.4136165860836356,0.9642857142857143,1.0
pioglitazone_PC3_UP,-0.08032660554495794,-0.1408233198586921,1.0,1.0
pimozide_MCF7_UP,0.16316815530874876,0.4399080779442282,1.0,1.0
pentetrazol_HL60_DOWN,-0.10563949293779368,-0.4954441650443365,0.9787234042553191,1.0
picrotoxinin_PC3_UP,0.10035279718106632,0.6187939965597504,0.9111111111111111,1.0
phenoxybenzamine_MCF7_UP,-0.07467929783192873,-0.2431885618552417,1.0,1.0
perphenazine_MCF7_UP,-0.126721904303009,-0.2221605051240131,1.0,1.0
perhexiline_MCF7_UP,0.14153627800626362,0.3582823390308724,0.9791666666666666,1.0
perhexiline_HL60_UP,0.12421061275183581,0.2638988006004093,1.0,1.0
pergolide_HL60_UP,0.081920945690564,0.4360714447368092,1.0,1.0
pergolide_HL60_DOWN,-0.07884196243914642,-0.3353647370248375,1.0,1.0
pepstatin_PC3_DOWN,-0.27669226756325693,-0.48507867889026146,0.8928571428571429,1.0
phenoxybenzamine_PC3_UP,0.07411583015659558,0.18761545352029665,1.0,1.0
nocodazole_HL60_UP,0.07223646652758857,0.3016706023118689,1.0,1.0
nocodazole_HL60_DOWN,-0.10124106639512229,-0.47183021103620965,0.9791666666666666,1.0
nitrofural_PC3_UP,-0.1266276161786591,-0.3397374485249442,1.0,1.0
metoprolol_HL60_DOWN,0.1461296611959728,0.23019517114547972,1.0,1.0
metoclopramide_HL60_DOWN,-0.1464502104085536,-0.4385002661260144,0.98,1.0
methylergometrine_HL60_UP,0.08343061515418163,0.17725731147089485,1.0,1.0
methylergometrine_HL60_DOWN,-0.09005051529457868,-0.2932439905648005,1.0,1.0
methylbenzethonium chloride_PC3_UP,0.13221686252669648,0.35646211575952463,1.0,1.0
methoxsalen_MCF7_DOWN,0.42602040816326553,1.0784202500002644,0.4166666666666667,1.0
methotrexate_MCF7_UP,0.15600904352230394,0.24575796713644246,0.9772727272727273,1.0
metoprolol_HL60_UP,0.12652441101251566,0.26881471376029914,1.0,1.0
methotrexate_MCF7_DOWN,0.12773274792103242,0.20121487676024813,1.0,1.0
metformin_HL60_DOWN,0.2394904458598728,0.5088231997047579,0.9795918367346939,1.0
meteneprost_PC3_UP,0.18543663021621865,0.292114663648039,0.9772727272727273,1.0
mestranol_PC3_UP,0.10081444680207302,0.15881100828953149,1.0,1.0
mesalazine_MCF7_UP,-0.23514211886304992,-0.4952081819756485,0.9607843137254902,1.0
mephentermine_HL60_UP,-0.1317105516646412,-0.23090627345697423,1.0,1.0
mephentermine_HL60_DOWN,-0.1439127001381053,-0.2522982773364379,1.0,1.0
mepacrine_HL60_UP,-0.12495056648366164,-0.2190551122019614,1.0,1.0
methazolamide_HL60_UP,0.07579774298601422,0.4673829691851759,1.0,1.0
miconazole_MCF7_UP,-0.1633330492126002,-0.34397862343078894,1.0,1.0
midecamycin_HL60_DOWN,0.0864072977408379,0.23295763929917127,1.0,1.0
midecamycin_HL60_UP,0.07194960781234036,0.18213191799644776,1.0,1.0
nitrofural_PC3_DOWN,0.15272934536894114,0.8051190370421355,0.6037735849056604,1.0
nilutamide_PC3_DOWN,-0.13766622573809534,-0.24134736939685858,1.0,1.0
nilutamide_MCF7_DOWN,-0.33054973539140037,-0.8868533350104718,0.5769230769230769,1.0
nifuroxazide_MCF7_UP,-0.11737093397133705,-0.20576699917324615,1.0,1.0
niclosamide_PC3_UP,-0.05514460395033881,-0.16511361397282714,1.0,1.0
niclosamide_MCF7_UP,-0.1001567339630579,-0.3261542730009494,1.0,1.0
niclosamide_HL60_UP,-0.10814579863842677,-0.42840193230316126,1.0,1.0
naproxen_HL60_DOWN,-0.15399178817207596,-0.26996827133733414,1.0,1.0
nafcillin_HL60_DOWN,-0.2977403627129739,-0.5219788144751746,0.8928571428571429,1.0
mycophenolic acid_MCF7_UP,-0.17879764537669085,-0.37654698927028857,1.0,1.0
monorden_PC3_UP,0.32618256010875,0.5138289491290063,0.9090909090909091,1.0
monorden_MCF7_UP,-0.15461904194191334,-0.2710679313772812,1.0,1.0
monobenzone_PC3_DOWN,0.13525629699138733,0.4222288496486166,1.0,1.0
monensin_HL60_UP,-0.2764997830055024,-0.484741227627873,0.8928571428571429,1.0
mometasone_PC3_UP,-0.12351956082161235,-0.2165463672263807,1.0,1.0
minoxidil_PC3_UP,0.06887574652899704,0.46375995273464515,1.0,1.0
minoxidil_PC3_DOWN,0.07092180068011739,0.15068099030553772,1.0,1.0
pivampicillin_PC3_DOWN,-0.16899544512387774,-0.29627169555947586,1.0,1.0
podophyllotoxin_HL60_DOWN,-0.11632386252619117,-0.46079799776410924,0.9803921568627451,1.0
podophyllotoxin_HL60_UP,-0.08987558939401039,-0.4215122120228637,1.0,1.0
prednisolone_MCF7_DOWN,0.27559407752687815,0.8603205389509893,0.6222222222222222,1.0
strophanthidin_HL60_UP,0.0702369722025385,0.24945820008161437,1.0,1.0
strophanthidin_HL60_DOWN,-0.10155814478920171,-0.47330794305662943,0.9791666666666666,1.0
staurosporine_MCF7_UP,-0.11359879309889705,-0.304781573621984,1.0,1.0
spiperone_PC3_UP,0.09932191139397464,0.352758162375784,1.0,1.0
solanine_HL60_UP,0.11114169601087169,0.23613248195276165,1.0,1.0
simvastatin_PC3_UP,0.1669265097055971,0.35465331603936223,1.0,1.0
selegiline_MCF7_UP,-0.4381556644388679,-1.175556264781837,0.21153846153846154,1.0
strophanthidin_PC3_DOWN,-0.07674503920926615,-0.16162468691797857,1.0,1.0
scopolamine_PC3_UP,0.10309671420145579,0.7502629654288059,0.7560975609756098,1.0
sanguinarine_MCF7_UP,-0.08292921238969624,-0.38648849894752,1.0,1.0
sanguinarine_MCF7_DOWN,0.14756458834165526,0.31351683251301254,1.0,1.0
sanguinarine_HL60_UP,0.11087523311572234,0.41746635905260615,0.9767441860465116,1.0
salsolidin_PC3_DOWN,0.6372386102957223,1.0038294057276174,0.5681818181818182,1.0
salbutamol_PC3_UP,0.12378498373401249,0.19499604175279317,1.0,1.0
rosiglitazone_PC3_UP,-0.12354093171971843,-0.2601766135829145,1.0,1.0
ritodrine_PC3_UP,0.09182172022958324,0.14464494360781963,1.0,1.0
scopolamine_PC3_DOWN,0.0635683559653603,0.22577350879446095,1.0,1.0
succinylsulfathiazole_PC3_UP,0.16724522624905538,0.5939990264959607,0.875,1.0
sulconazole_MCF7_UP,0.39756489107775705,0.6262761262434271,0.8409090909090909,1.0
sulfamonomethoxine_HL60_DOWN,-0.16557649970568877,-0.290277825397297,1.0,1.0
thapsigargin_PC3_DOWN,-0.08576940391963925,-0.40225439870616264,1.0,1.0
thapsigargin_MCF7_UP,0.08165440193887431,0.3552097616824719,1.0,1.0
thapsigargin_MCF7_DOWN,0.1580106664597416,0.4260032752436495,1.0,1.0
tetryzoline_HL60_UP,-0.09692622615468152,-0.26004966185640715,1.0,1.0
tetryzoline_HL60_DOWN,-0.10894292596322591,-0.35476596939790395,0.9818181818181818,1.0
terfenadine_MCF7_UP,0.09360162695668081,0.2921956918403205,1.0,1.0
terbutaline_PC3_UP,-0.09890803636493252,-0.17339906183161666,1.0,1.0
tanespimycin_PC3_UP,0.1869176541365561,0.29444769139902666,0.9772727272727273,1.0
tanespimycin_MCF7_DOWN,0.17399888247161957,0.2740970053708749,0.9772727272727273,1.0
tanespimycin_HL60_DOWN,0.14891085583889485,0.3163771225473163,1.0,1.0
tamoxifen_MCF7_UP,0.1558877092147141,0.331200197621603,1.0,1.0
syrosingopine_PC3_UP,0.151077835353098,0.23798993223391826,1.0,1.0
syrosingopine_MCF7_UP,-0.10650112084206213,-0.22429085306185867,1.0,1.0
sulpiride_PC3_UP,-0.16247558177120627,-1.03604921042794,0.375,1.0
suloctidil_MCF7_UP,0.14666079699883217,0.3954035589569823,1.0,1.0
suloctidil_HL60_UP,0.08534720041204519,0.21604633825407615,1.0,1.0
sulfamonomethoxine_HL60_UP,0.07276525158525993,0.44894379247175703,1.0,1.0
rimexolone_HL60_UP,-0.09226648899342799,-0.1617555379517165,1.0,1.0
mepacrine_HL60_DOWN,-0.1872370540948345,-0.32825168422483125,1.0,1.0
rimexolone_HL60_DOWN,0.14031106405910182,0.22102924991643957,1.0,1.0
rifabutin_PC3_DOWN,0.13919813274676368,0.2957413981289982,1.0,1.0
pyrantel_HL60_DOWN,0.10476231053101617,0.4834708796984,0.96,1.0
puromycin_MCF7_UP,-0.10788165543689131,-0.22719825234092195,1.0,1.0
puromycin_HL60_UP,0.12924357989619845,0.40345898326283325,1.0,1.0
puromycin_HL60_DOWN,-0.09789071668288933,-0.3971972212240341,1.0,1.0
proscillaridin_MCF7_UP,-0.05818299630777573,-0.2474890864257076,1.0,1.0
proscillaridin_MCF7_DOWN,-0.06260005709977697,-0.20385325384837774,1.0,1.0
proscillaridin_HL60_UP,0.10708205252989775,0.4471911326275638,0.9795918367346939,1.0
pyrithyldione_HL60_DOWN,0.07713214300026672,0.24078299298707695,1.0,1.0
propylthiouracil_PC3_DOWN,-0.1358076051795585,-0.4066342468682101,0.98,1.0
primidone_PC3_DOWN,0.1773412530094329,0.47811933403293033,0.98,1.0
primaquine_PC3_UP,0.10581999223392138,0.737376414445479,0.8536585365853658,1.0
primaquine_MCF7_DOWN,-0.18360995859753032,-0.5497637421195611,0.9,1.0
primaquine_HL60_UP,0.268041237113404,0.4222400705399473,0.9318181818181818,1.0
prenylamine_PC3_UP,0.10107537855651741,0.31552646172498955,1.0,1.0
prenylamine_MCF7_UP,0.14357223813328476,0.44818867806468315,1.0,1.0
pregnenolone_PC3_DOWN,0.08820742375062504,0.23781085328277274,1.0,1.0
propofol_MCF7_UP,0.3842072635512828,0.6052341192382193,0.8863636363636364,1.0
pyrithyldione_HL60_UP,0.0677350090160249,0.4346198367007288,1.0,1.0
pyrvinium_HL60_DOWN,-0.14320198605111784,-0.3015827003284682,1.0,1.0
pyrvinium_HL60_UP,0.14370333650028091,0.38743012344775646,1.0,1.0
rifabutin_MCF7_UP,0.08577222262066751,0.2677546827356628,1.0,1.0
rifabutin_MCF7_DOWN,-0.08423355231165333,-0.27430140669950365,1.0,1.0
resveratrol_PC3_UP,0.3998380106369506,0.6298569266208465,0.8409090909090909,1.0
resveratrol_PC3_DOWN,0.149489410756264,0.37841475345092007,0.9583333333333334,1.0
resveratrol_MCF7_UP,0.14710532002464813,0.31254106759786715,1.0,1.0
resveratrol_MCF7_DOWN,0.12188197668738414,0.1919982723115694,1.0,1.0
ramipril_MCF7_DOWN,0.42547770700636967,1.0770464662423025,0.4166666666666667,1.0
raloxifene_HL60_UP,0.09679185795885321,0.6234715602089985,0.8863636363636364,1.0
raloxifene_HL60_DOWN,-0.10601163386577912,-0.2844254917719146,1.0,1.0
quinpirole_HL60_UP,0.1104991801312929,0.344944692053206,1.0,1.0
quinpirole_HL60_DOWN,-0.08894201542331653,-0.35232927908442574,1.0,1.0
quinisocaine_MCF7_UP,0.17150841533003314,0.2701738216366647,0.9772727272727273,1.0
quercetin_PC3_UP,0.1380304176002103,0.6004544834876872,0.9,1.0
quercetin_MCF7_UP,0.17383550260250777,0.4686676863119369,1.0,1.0
quercetin_HL60_UP,-0.11137268943002512,-0.19525127148998112,1.0,1.0
pyrvinium_PC3_UP,-0.16572684296499868,-0.2905413973078833,1.0,1.0
pyrvinium_MCF7_UP,-0.08864343549381912,-0.26541559719120494,1.0,1.0
rifabutin_PC3_UP,0.1313190857877357,0.2790015157928888,1.0,1.0
clofibrate_MCF7_UP,0.45286442929390625,0.7133883973576456,0.8409090909090909,1.0
menadione_PC3_UP,0.11746499250301091,0.3666898308009116,1.0,1.0
menadione_HL60_UP,0.09658137049995286,0.44571640241043453,0.96,1.0
diphenylpyraline_PC3_DOWN,-0.155969535744651,-0.273435528258288,1.0,1.0
dinoprostone_PC3_UP,-0.08561414953732453,-0.18030299101141595,1.0,1.0
dinoprost_HL60_UP,0.13109347266601912,0.2785221764602693,1.0,1.0
dinoprost_HL60_DOWN,-0.21920164782934404,-0.3842899068920224,0.9821428571428571,1.0
diltiazem_PC3_DOWN,0.1097258950638966,0.41313888249780584,0.9767441860465116,1.0
dihydroergotamine_HL60_UP,0.0837306169058248,0.22574119734594394,1.0,1.0
dihydroergotamine_HL60_DOWN,-0.07285935405204175,-0.2886204406942545,1.0,1.0
dirithromycin_HL60_UP,0.06899593425543794,0.47043708853148447,1.0,1.0
dihydroergocristine_HL60_UP,0.10118956357863748,0.2149881066526388,1.0,1.0
digoxin_PC3_DOWN,-0.07119274272860987,-0.14993157698399454,1.0,1.0
digoxin_MCF7_UP,-0.07488550778363028,-0.31853543275527435,1.0,1.0
digoxin_MCF7_DOWN,-0.053010315739002056,-0.14222481602481163,1.0,1.0
digoxin_HL60_UP,0.11108224976245581,0.41824581613555,0.9767441860465116,1.0
digoxigenin_PC3_UP,0.07856441778091963,0.27903449758017707,1.0,1.0
digoxigenin_MCF7_UP,-0.08170162899276107,-0.3116153917634556,1.0,1.0
digoxigenin_MCF7_DOWN,-0.0808118487167634,-0.17018936836418913,1.0,1.0
dihydroergocristine_HL60_DOWN,-0.10086026048672105,-0.30199513501267844,1.0,1.0
digoxigenin_HL60_UP,-0.062468431663081414,-0.20342462367130243,1.0,1.0
disulfiram_PC3_UP,0.5187241944712644,0.8171359855784336,0.7954545454545454,1.0
dorzolamide_HL60_UP,-0.4541227515738879,-1.2183953989875504,0.19230769230769232,1.0
ethaverine_HL60_DOWN,-0.15028640596479093,-0.2634722390422416,1.0,1.0
epivincamine_HL60_DOWN,0.1198301058382314,0.1887660006603288,1.0,1.0
emetine_PC3_DOWN,0.10595734317261489,0.5677317454839791,1.0,1.0
emetine_MCF7_DOWN,-0.07216370901337936,-0.26302247148073943,1.0,1.0
ellipticine_PC3_UP,0.1523016082226984,0.41061141871884466,1.0,1.0
ellipticine_PC3_DOWN,0.09367707327030164,0.29243121218886575,1.0,1.0
ellipticine_MCF7_UP,0.13990052279418505,0.22038253236460006,1.0,1.0
dorzolamide_HL60_DOWN,-0.08483036301931669,-0.27624488423491256,1.0,1.0
ellipticine_HL60_DOWN,-0.09098764379179018,-0.272434610408376,1.0,1.0
ebselen_MCF7_UP,0.21106821106820792,0.44843710623230026,0.9795918367346939,1.0
drofenine_HL60_DOWN,-0.26771126495812364,-0.469333776016125,0.8928571428571429,1.0
doxylamine_PC3_DOWN,0.6372386102957223,1.0038294057276174,0.5681818181818182,1.0
doxycycline_HL60_UP,0.08599071487753789,0.5517570751191986,0.9772727272727273,1.0
doxycycline_HL60_DOWN,0.09636656824285715,0.259808243425815,1.0,1.0
doxorubicin_MCF7_UP,-0.13431415925950416,-0.2828649794519592,1.0,1.0
doxazosin_HL60_DOWN,-0.1711278085700271,-0.4591299023841557,1.0,1.0
econazole_MCF7_UP,0.17236214950972933,0.27151869223993225,0.9772727272727273,1.0
digitoxigenin_MCF7_UP,-0.05753057342861993,-0.24471391923645924,1.0,1.0
digitoxigenin_MCF7_DOWN,-0.057557884781820855,-0.2097871259043981,1.0,1.0
diflorasone_PC3_UP,-0.4923664122137383,-1.0369213182103054,0.4117647058823529,1.0
corbadrine_HL60_UP,-0.1372104146935216,-0.24054827146299648,1.0,1.0
colforsin_PC3_UP,0.16423064231756168,0.3489256559423808,1.0,1.0
colforsin_MCF7_UP,0.1081533280825979,0.29158583419699996,1.0,1.0
colchicine_HL60_UP,0.0701122614258767,0.17748089304210363,1.0,1.0
colchicine_HL60_DOWN,-0.10323942672399462,-0.37628732700207085,1.0,1.0
co-dergocrine mesilate_HL60_UP,0.07885982407820968,0.19962431275078257,1.0,1.0
co-dergocrine mesilate_HL60_DOWN,-0.1095214961950185,-0.43385153366473667,1.0,1.0
corbadrine_PC3_UP,0.19288487098778365,0.3038477303308104,0.9772727272727273,1.0
cloperastine_PC3_UP,-0.14337464871703193,-0.2513550009853934,1.0,1.0
clopamide_HL60_UP,-0.0738011618052716,-0.607271683198112,0.984375,1.0
clopamide_HL60_DOWN,-0.06909201988368947,-0.32200077975679864,1.0,1.0
clonidine_PC3_UP,-0.18014162738407347,-0.5393788873906316,0.9,1.0
clonidine_HL60_DOWN,-0.09692667653526692,-0.2041271189698112,1.0,1.0
clomipramine_PC3_UP,0.08033244167457768,0.34945902223322556,1.0,1.0
clomipramine_PC3_DOWN,-0.07931309868882558,-0.13904650632086343,1.0,1.0
clomipramine_MCF7_UP,0.17236214950972933,0.27151869223993225,0.9772727272727273,1.0
cloperastine_MCF7_UP,-0.1419292632408611,-0.24882104626579563,1.0,1.0
corynanthine_PC3_DOWN,-0.34299894300533246,-0.9202541219679333,0.5576923076923077,1.0
cyanocobalamin_MCF7_DOWN,0.3106595954464455,0.786398003867329,0.6458333333333334,1.0
cyclopenthiazide_PC3_DOWN,0.1031273228429368,0.3219320050887346,1.0,1.0
diflorasone_PC3_DOWN,0.1519600818109526,0.5397113130603465,0.925,1.0
diethylstilbestrol_MCF7_UP,0.2728239963354736,0.4297742567459595,0.9318181818181818,1.0
dienestrol_MCF7_UP,0.6996197718631179,1.1020972183382458,0.3181818181818182,1.0
dicycloverine_MCF7_UP,-0.1419292632408611,-0.24882104626579563,1.0,1.0
dicoumarol_HL60_UP,0.15241186626217154,0.3238153955831169,1.0,1.0
dicloxacillin_HL60_UP,-0.24835513298595785,-0.43539987895361615,0.9642857142857143,1.0
diclofenac_MCF7_DOWN,0.7885534368809839,1.242192665572107,0.22727272727272727,1.0
dexverapamil_MCF7_UP,-0.13041427318298396,-0.34989691632439607,1.0,1.0
dexverapamil_MCF7_DOWN,0.1664319310676104,0.4487073520317793,1.0,1.0
dexpropranolol_HL60_DOWN,-0.2161337310313328,-0.37891143701127555,0.9821428571428571,1.0
dexibuprofen_PC3_DOWN,0.1375403674315307,0.598322686554566,0.9,1.0
dequalinium chloride_HL60_DOWN,-0.15517241379310326,-0.2720380664984186,1.0,1.0
deptropine_HL60_UP,-0.15301722507928045,-0.6061527652941943,0.8823529411764706,1.0
daunorubicin_PC3_UP,-0.06554616819005257,-0.2596504483874512,1.0,1.0
daunorubicin_MCF7_UP,0.08854106629639667,0.48030094917027716,0.9795918367346939,1.0
danazol_HL60_UP,-0.06641141094954736,-0.6513323731297432,0.9,1.0
cyclopenthiazide_PC3_UP,0.05994041425676715,0.3903327876186015,1.0,1.0
etilefrine_PC3_UP,0.1370601667669855,0.29119905955350794,1.0,1.0
etoposide_HL60_DOWN,-0.10744520497905398,-0.22627908975621314,1.0,1.0
etoposide_HL60_UP,0.1018467422986447,0.2578129760612899,1.0,1.0
etoposide_MCF7_UP,-0.16448946060161712,-0.28837209996033814,1.0,1.0
lasalocid_PC3_UP,-0.188343516177433,-0.33019146074983424,1.0,1.0
isoxsuprine_PC3_UP,0.20506041110035772,0.32302761836356175,0.9772727272727273,1.0
isotretinoin_MCF7_UP,-0.15088227287312644,-0.2645168737016606,1.0,1.0
isotretinoin_HL60_UP,0.0826409379448116,0.2579797683248892,1.0,1.0
isoflupredone_PC3_UP,0.09953736431262576,0.15679924544946744,1.0,1.0
isoetarine_PC3_UP,0.11836760699470755,0.1864621550972193,1.0,1.0
isoconazole_MCF7_UP,0.17236214950972933,0.27151869223993225,0.9772727272727273,1.0
levonorgestrel_HL60_DOWN,-0.05250796867868715,-0.11058153185967974,1.0,1.0
ipratropium bromide_HL60_DOWN,0.1232447549563598,0.31197951296343385,0.9791666666666666,1.0
iohexol_HL60_DOWN,-0.11767308056289774,-0.5005380446781529,0.98,1.0
indometacin_MCF7_UP,0.4193218501992275,0.8908943517910883,0.5510204081632653,1.0
imidurea_PC3_DOWN,-0.15720001899308242,-0.6227222207668912,0.8823529411764706,1.0
idoxuridine_PC3_DOWN,-0.16909017878348137,-0.5062887119725253,0.96,1.0
hyoscyamine_HL60_DOWN,0.08652599900870361,0.46058449492932524,1.0,1.0
hycanthone_MCF7_UP,0.1524637229265005,0.2401730935752694,0.9772727272727273,1.0
hexestrol_MCF7_UP,0.6996197718631179,1.1020972183382458,0.3181818181818182,1.0
iopromide_HL60_UP,-0.0813259711606878,-0.34593079735483134,1.0,1.0
levonorgestrel_HL60_UP,0.12643245522782004,0.6664938971485693,0.8867924528301887,1.0
lithocholic acid_HL60_UP,0.11499959908477371,0.18115659871050596,1.0,1.0
lobeline_HL60_UP,0.06951571086985955,0.6677043702450567,0.8048780487804879,1.0
meglumine_PC3_UP,0.22462045775747289,0.4772303113176285,0.9795918367346939,1.0
mefloquine_PC3_UP,0.18783917135989758,0.39908451403174555,0.9795918367346939,1.0
mefloquine_MCF7_UP,0.1844494126063168,0.5757947321897132,0.9555555555555556,1.0
medrysone_PC3_UP,-0.29439546652384047,-0.5161147625494048,0.8928571428571429,1.0
medrysone_HL60_UP,0.07481323270364111,0.4818992413374955,0.9772727272727273,1.0
meclofenoxate_HL60_UP,0.08313347420939743,0.5597612804644604,0.9772727272727273,1.0
mebendazole_MCF7_UP,-0.10556214791663752,-0.18506461240560068,1.0,1.0
mebendazole_HL60_UP,-0.05762093701222177,-0.3942842662905275,1.0,1.0
mebendazole_HL60_DOWN,0.08517444158639045,0.13417361675741818,1.0,1.0
lycorine_PC3_DOWN,0.061297461762722896,0.16526048563750248,1.0,1.0
luteolin_PC3_DOWN,-0.12566986197873764,-0.22031613373883327,1.0,1.0
luteolin_HL60_UP,-0.08250118500984471,-0.31466495105097514,1.0,1.0
luteolin_HL60_DOWN,-0.0866735333926294,-0.28224705572491365,1.0,1.0
lumicolchicine_PC3_DOWN,0.26666666666666694,0.5665620025081348,0.9387755102040817,1.0
lumicolchicine_MCF7_DOWN,0.34910485933503976,1.0897987483212115,0.37777777777777777,1.0
lomustine_PC3_DOWN,0.11186298028874322,0.23766492794594363,1.0,1.0
lomustine_MCF7_UP,0.13543870633202207,0.2133539209538755,1.0,1.0
hesperetin_PC3_DOWN,0.16429759360222926,0.41589991599429627,0.9583333333333334,1.0
menadione_PC3_DOWN,0.06173572081492695,0.13116417604195543,1.0,1.0
helveticoside_PC3_UP,-0.06318223581161583,-0.25636556095908175,1.0,1.0
helveticoside_HL60_UP,0.07871758747040193,0.29638670162140884,1.0,1.0
fluocinonide_PC3_UP,-0.25954198473282525,-0.4550119314121152,0.9642857142857143,1.0
flunixin_HL60_UP,0.10239063679511483,0.5156891376156144,1.0,1.0
flunixin_HL60_DOWN,0.13473511952508535,0.3410660111530942,0.9791666666666666,1.0
flunisolide_PC3_UP,-0.43147208121827113,-0.7564284646571889,0.7321428571428571,1.0
flunarizine_PC3_DOWN,-0.28010669891310874,-0.5899033733244032,0.8627450980392157,1.0
flumetasone_PC3_UP,0.25761421319796857,0.5473290918899943,0.9387755102040817,1.0
flufenamic acid_HL60_DOWN,-0.40899315456309904,-1.0973142746317692,0.2692307692307692,1.0
fluorometholone_PC3_UP,-0.2958141050954241,-0.5186018263556575,0.8928571428571429,1.0
fludrocortisone_PC3_UP,-0.2592121982210935,-0.45443377139761426,0.9642857142857143,1.0
fenoterol_PC3_UP,0.1307973319794219,0.2778929937336843,1.0,1.0
fenoterol_HL60_UP,0.16942252867611116,0.26688796555953537,0.9772727272727273,1.0
fendiline_MCF7_UP,0.17019768603508936,0.4588599827740831,1.0,1.0
fenbendazole_MCF7_DOWN,-0.18321141106081015,-0.5966167447318811,0.8909090909090909,1.0
felodipine_MCF7_UP,0.1191473220636366,0.37194154987731126,1.0,1.0
felodipine_MCF7_DOWN,-0.3637136559267918,-0.9758309694775159,0.46153846153846156,1.0
etynodiol_HL60_DOWN,-0.16976617126675464,-0.29762288192426084,1.0,1.0
fisetin_PC3_UP,0.1933846435120624,0.3046350121243805,0.9772727272727273,1.0
fluspirilene_MCF7_UP,-0.13474872554999417,-0.2837801739892118,1.0,1.0
fluticasone_PC3_UP,-0.12892380772312842,-0.2260207373288444,1.0,1.0
fulvestrant_MCF7_DOWN,0.08227511582043617,0.12960636610181522,1.0,1.0
harmine_PC3_UP,-0.12888341520010593,-0.22594992381505397,1.0,1.0
harmine_MCF7_UP,-0.1674790807078855,-0.29361330523254864,1.0,1.0
harmine_MCF7_DOWN,0.19063864545963677,0.48257917169429293,0.9583333333333334,1.0
harmaline_MCF7_DOWN,-0.11538127725156436,-0.20227886391897193,1.0,1.0
halofantrine_HL60_DOWN,0.3725192206722058,0.586822175975745,0.8863636363636364,1.0
halcinonide_PC3_UP,-0.25888324873096474,-0.45385707879431697,0.9642857142857143,1.0
gossypol_PC3_UP,-0.17392233809760713,-0.304909200162614,1.0,1.0
gossypol_MCF7_UP,-0.16791517524345956,-0.29437783748005414,1.0,1.0
gossypol_HL60_UP,0.10648509654481374,0.22623903575888127,1.0,1.0
gossypol_HL60_DOWN,-0.10100027962826101,-0.177067045064507,1.0,1.0
glibenclamide_HL60_UP,0.06500285927747329,0.608099265349829,0.8947368421052632,1.0
geldanamycin_MCF7_DOWN,0.1721876436854265,0.3658311608008962,1.0,1.0
geldanamycin_HL60_DOWN,0.09000603836804795,0.1912275050085945,1.0,1.0
gabexate_PC3_UP,0.08349235843234125,0.22509884267247382,1.0,1.0
gabexate_PC3_DOWN,0.06794005842750671,0.17198221820008583,1.0,1.0
furazolidone_HL60_DOWN,-0.13890895238180873,-0.3726878423809589,1.0,1.0
fulvestrant_PC3_DOWN,-0.09568398804370248,-0.3115890497161786,1.0,1.0
helveticoside_MCF7_UP,-0.0683941204700964,-0.3187482455893638,1.0,1.0
Deguelin_CTD_00003487,0.1176140863313781,0.18527514886838697,1.0,1.0
